player_id,player,position,elo_at_capture,country
e5e8e2a6-d716-4493-b949-e16965f41654,donk666,1,5123,kr
33c4e3c7-5428-46f2-bc0f-3fbdce907873,abiraju,2,4946,by
74df0e6b-5b41-42d7-93b4-05dc78b9a699,dem0nnnnnnnn,3,4921,is
5c96af4a-20e7-40dc-b91b-551803b6170a,1prince1,4,4742,kr
e5b855bd-3dbc-4928-a216-241d615b431b,nipl,5,4687,ua
34f9fcd0-4f1f-4693-bd96-c2e29df992e5,bluewh1te,6,4667,hk
64000660-f2d2-4c9b-8e29-6ad5ec2b49cf,CEMEN_BAKIN,7,4639,cn
463b9403-9b63-4408-a962-d9452385af4d,z1Nny,8,4632,ru
be994de3-89c8-4d40-9286-c14035208743,-SYPH0,9,4580,kz
2f5f6b1e-9705-45e8-9065-233680b8f4b8,synyx--,10,4554,kz
ae86bf74-eeda-444f-8db4-a4703a74fc95,1769-,11,4500,cn
10b5e974-6308-46ba-8968-0d8b2f5e5c04,U10m3k,12,4494,pl
7034bcab-8503-4615-b216-ba9f05c0ae13,adamb1,13,4463,se
ca1a7e52-32d3-4330-9c4d-c6d91c7e1eca,kumao,14,4422,kz
ba9547a0-c1de-40d7-92be-17dc224c2aec,Ex1st---,15,4377,pl
300012ab-d5be-4271-96be-e2ac66a8f4d4,tried,16,4375,ru
b0bf2cc2-198a-4a78-988d-2e7ff7ee6815,Magnojezzz,17,4374,rs
a1d1b853-0d85-437f-9e21-2e9dea4976f5,kRaSnaL,18,4372,pl
2ee20933-e330-4879-8eed-0eda12f63b60,Ryujin,19,4336,uz
7cfd2312-1ff0-434c-a4b1-be10b033636f,xKacpersky,20,4333,pl
dfe2650b-74ec-419f-8308-cbedfba7eae5,D9D9VOLODYA,21,4326,ru
512e4ffc-1edf-4f6b-819c-8d15498267b1,tronic,22,4326,ru
f0b0bbdb-af3d-4ad2-a509-9d75e472a558,sakha,23,4325,ru
d3b48a63-5d9d-4db7-ab3f-1dc325b0fc34,mazay,24,4295,ua
2ce03e2d-72bd-45d8-872c-dfdefd172e72,nbl-,25,4282,ru
14ade289-8e06-4e85-be76-7ffc51426cae,SquEzxc,26,4249,by
3b04032f-fa9d-4f8d-9cb5-a2481c51d4bd,Kopol9HEybuT,27,4247,ru
ac784f9e-2975-4e9d-b3bc-f2b4a2e8c83b,trd73,28,4244,ua
ac852ba6-6bcd-48f4-a216-1fbe64aeb6a5,mag1k3Y,29,4236,kz
58dabfcf-c6d3-4a31-bb0e-9c95ff9c891b,whyhurt,30,4231,ch
3f31fb51-5179-4d2a-871f-831c46d51e5b,rifler,31,4205,bg
821d2f75-a314-48d7-8a90-5d2f152e761a,em0k1d,32,4195,ru
8f151c97-d096-40f1-b3ae-3afaaca644bb,hARNgAdd--,33,4165,cu
e942341f-24df-45d9-ac6d-9817cfa6ad0b,frontales,34,4164,jp
09013eac-138e-47ca-a38f-2ba9021c975f,flouzer,35,4161,is
f7320c44-0f99-4c4c-a56c-f83efb346eb8,fudzhy,36,4147,ru
5f766d86-a43a-463c-8673-b4b3d8889631,tokyoshi,37,4140,ru
89aee03d-1762-4b48-99b9-61ff5827dd3f,KAD1M,38,4129,cz
16535c6a-fbce-4485-b5b8-fab4340b707e,b1st-,39,4125,ru
3ecdb88c-0a97-457f-a130-d0782176f94d,FenomeN--,40,4119,by
31cf2b21-6afc-4bac-a36f-40cebaa6f862,cartilag,41,4117,ru
7c15da7f-39d6-4f8d-b237-ddcc58d0751b,hey666,42,4114,tr
4b6a67fe-50fb-462d-9940-568d8ebd3f83,0SAMAS,43,4103,ps
18842687-3e2e-45fc-a146-0cc8d4d398e9,ayuki222,44,4087,ru
e1c59162-b1e7-48c6-9831-eff3170045af,Tri-Borgg1,45,4074,ru
24f68939-d90a-4e47-8e43-7e5137c86f48,stressarN,46,4064,mk
bf4c5d97-d8c0-4d0f-bdf3-26066898a7b9,777thienlao,47,4060,ru
4df4d439-0a99-470c-9c36-83b9405a2640,Pump-,48,4060,kz
2d2af39e-de80-4670-91da-3a5f7c4a6d32,alkarenn56,49,4044,jp
898780b2-bf70-4c28-8e0d-b9600be8397e,zweih1221,50,4040,ru
009623b1-dd6e-4551-959e-990a21657f93,Mzinho,51,4040,mn
ee98a960-c028-4fc6-a62f-af6244e6226e,SiKO-_,52,4037,sk
a280ed8a-3e2b-4305-8e71-fb4c9cc7fa98,kl1m--,53,4037,us
d9e2a538-9722-4d1c-9925-958f849de1ea,NertZ,54,4035,il
553eaffc-58b4-4534-8310-cc19b37f72de,lattykk,55,4019,ru
c5c1fd40-16a4-4a4f-81ff-b21839a9353b,-FpSSSSSSSSS,56,4018,ru
840ac5b1-cf1e-4e54-aa54-fbb11bffd146,Kingway0,57,4018,ua
dbba8660-90d5-432e-8eda-5e766ae13d23,top1sacer,58,4017,pl
2864bdaf-21ab-4757-bab6-3262bec18ec5,ooh,59,4017,ae
b9124784-0b46-4279-b95a-9e6c0a3701c6,rokilan,60,4016,ru
d5f8380b-673c-4d53-8bbb-d537131ae2cf,Keksimage,61,4003,fi
7657e31e-7356-4b24-9930-140c13afda49,Donii,62,4002,ua
86ff5145-8f7f-49f2-b971-c9945f696e71,rendysky,63,4001,ua
39bcd70b-01c9-439a-b1ef-029c92ec42ce,M1key-,64,4001,cn
b3df676a-ce32-4229-8144-9329bb7a247b,dement3r-,65,3996,kz
0372e659-5677-4481-aff7-496d2596e5cf,m3wsu,66,3996,ru
e767b78c-8a2d-4bee-b65c-766dd8bab560,gooddeph-7-,67,3992,ru
c93012d6-5e6e-4b84-b39f-b7d4cadfa75c,OGbrigada77,68,3989,ru
b5ecf6b6-0ad9-4976-9f6a-92470ea1c92d,FAZERY,69,3987,cz
4513b098-01b1-4bb5-aa89-8bfaa5ad92d1,k0gaSs,70,3980,ru
75d9c4f8-7cef-4f19-9dd5-500ef0a5b9f0,thecursed-,71,3979,jp
e64f169f-cf2f-47f1-aa84-0b04a9566c53,sqw--,72,3978,ru
c11367d0-bbdd-4398-9a32-858ac23bf950,Maarkoos,73,3976,pl
f2dea182-d1b6-42eb-a95c-909604817c12,idifuxa,74,3974,tr
10735fa0-ab32-4b53-9725-f2f6ce9090de,youka,75,3974,ru
b3eca94a-e203-49b3-beeb-d994f6a4df63,--Mokuj1n,76,3971,ru
3ae0a945-fef4-4738-b6b9-7b3b5db7f249,PR--,77,3971,cz
e8d95f8f-ecb3-4bd2-9dd0-28da03c253f0,brutmonster,78,3964,ba
560a0af8-5fcd-46fb-ace8-7a89ce987b27,dezl3bio,79,3964,de
93306681-bce6-4369-8c41-e0bdba2597ed,m0NESY,80,3963,ru
cb38b461-9ead-4683-9406-237263c331db,slaxejezzz,81,3961,ru
f45986f7-7618-485e-a9ff-ee3e629589cc,MaSvAl,82,3960,by
860eb93d-a963-418c-9e2c-69d39f270eb3,Krabeni,83,3953,xk
657680fd-36af-4fa3-a506-8e1f6e64a1ff,kensizor,84,3951,ua
00beb86f-d29e-4f4f-ad7c-580d9b1434b4,es0r7,85,3948,hu
70afdb5a-9362-4aa9-bfcd-2e10e6447293,heavensent,86,3947,de
1a4ed498-cee4-44e7-8fee-ce1ecba7647c,executor,87,3947,ru
ff5a0714-0b89-4646-a6b3-34fc571913ff,Dyshbert,88,3945,pl
f2ed130e-93c9-46c9-8f93-377b18a43007,m4tthiXD,89,3945,pl
f2fe1b0a-5106-4943-a66e-61e9dad480e4,shen,90,3940,ua
2d746c13-16de-48bf-a8a2-b7a0341aa66d,day0sTV,91,3937,fr
9ba15dee-7a51-4524-a502-5161dbf1a604,Kiryasoo,92,3931,ru
981a95bd-ff59-4ead-80ca-55cd3a3034ba,bl1x1,93,3929,ru
07a67e4b-d42c-4352-802c-56f3d8a0c357,skept1K,94,3929,ru
fb1af1d5-eee3-46e3-9939-01df9420b9d6,xelex,95,3928,hu
f021a295-77ea-4eb4-a86d-f5de0fbae819,-k9ppy,96,3928,ru
3debc071-8e59-4823-86ab-ed3996ecc200,aMPYLS0N,97,3927,ru
7dbf107a-1199-4932-823e-e38ccc46288e,MaiL09,98,3925,se
bd0c2058-84d7-42a7-9e52-d42caa1bcc47,Djon8,99,3924,ru
72e06938-b0cd-43d3-90d7-7db513dcfa0f,la3euka,100,3922,ru
9fd59dc3-fcff-4a13-a40b-52fe7391020b,headmashin1e,101,3921,ru
df7166cf-725c-4438-94a8-069e6df31a56,adex_-,102,3917,pl
ad239f19-d904-4771-8e6b-5a6c071bb94c,tO0RO,103,3916,ru
b16878a2-01c6-4d99-8a2e-7a9bc32a83a5,t3ns1on,104,3912,pl
d649f36b-8ea1-4f0b-b326-a631f8508938,-Kunai,105,3910,pl
dca638b9-fd2d-40eb-b7c6-c853242618d0,iRV1NG,106,3905,ru
d413e287-2af5-49cc-a95c-8825702fa233,seximanjak,107,3903,xk
1e01229f-b0d8-4cb1-82f0-6fd7dc362990,Qlocuu,108,3903,pl
e8efe2d2-a8a7-428f-87b3-d2b3c29e0e5f,Anlelele,109,3898,dk
5ef454c3-1ff3-4a9d-a2df-097cbcb911a3,ayanokojii,110,3895,pl
329c6a46-4acf-404a-8a29-fd391e6a88de,-kRyTouS,111,3895,ua
2f96ef6e-c6f9-4c55-bee9-c49798801fd4,puuha,112,3895,fi
085e0f56-1417-48df-b9f8-2279c8756854,musordrop853,113,3895,RU
dcc5bb48-c74c-413e-9773-20d3294dcbb0,MoDo,114,3892,ro
c84f9dbb-69e3-4d31-a283-21516bfe9a3d,Cliqq,115,3892,fi
559a164d-93d6-4197-a902-f9cd92ee65ff,ketsuo,116,3891,ru
7ea66ae5-c99f-4846-8fc2-cd6e03a5559f,kurosa,117,3888,ru
b6daa950-11e5-4f51-b58e-b4e01e112500,sirah,118,3886,dk
64696280-3883-4ef0-ad27-4b5748dd0985,ICY--,119,3886,kz
55c8eb63-6051-4e71-a95a-711a47b5cef0,Beccie,120,3886,dk
60aa5adc-ce7d-488c-a52b-20d69663177f,bleedmagneto,121,3885,cn
74f9240e-fe24-4aac-aa37-53b2b5e804d8,-Staehr-,122,3883,dk
21046047-4026-4689-8f01-dc5d6588f120,halfjix,123,3882,ar
39056d07-cdc5-4613-906d-e900a1f781a2,-xTRAVIS,124,3881,ru
790ce1ad-38e3-4a45-b44a-5d33658102e6,qw1nk1,125,3879,ru
cd6867e2-cc11-4456-a649-ca87609f56eb,bodygu4rdd,126,3878,jp
4d6756dc-387a-499c-89ad-d7bc558c4c95,bobeksde,127,3878,se
414273a0-38f0-4680-9f85-204aa8649c3a,premtroll,128,3877,ru
3f6dc8a5-1881-4955-b78c-573f57f3646f,h21f,129,3876,cw
3af5d1af-75db-4cc2-aa8b-76b1f1b76af8,xEternaLxx,130,3876,tr
c71b99ef-1147-4529-b0df-ebe1d743c04b,amaterasu27,131,3874,tm
4af7ce32-5534-4bca-9a8e-1d3b3ecb9585,Netrix,132,3873,cn
74331d2e-c318-43aa-9b4d-106b209412ac,91914,133,3869,ru
f67e6116-a332-4414-be60-fb4cc06da41c,11chigiri,134,3868,ru
ab74ab79-36ce-4c44-a09d-453006dcf9e1,awks,135,3867,ch
0c938952-475b-4689-ad04-60100e76ef81,r1pa4-,136,3867,ru
be2af9a3-ef6d-428c-b8f4-6921d6275638,wetfy,137,3865,uz
826a8c4b-9b0f-403e-8bc8-11295ff894ff,28ddeiv,138,3864,ae
33268a14-c768-41f4-819e-cec913a99b82,seberya,139,3863,ru
36f96e7b-6bf3-48b1-8f1a-cd35aee83702,sSen,140,3859,dk
d9168434-7466-43ed-9a8c-f883d953d77d,SnexLy,141,3858,au
ee99d9a7-d14b-4642-9731-0890b63be81e,1suzu,142,3854,kg
bae31a43-7767-4d7a-be80-429992f78ec0,cronuss,143,3854,ru
e326eb2d-4e3e-4ebe-a34d-4a07def33893,adamS,144,3850,es
f858b6d9-5717-4335-8d4d-166a9fc305bc,Mride,145,3846,pl
591e26a3-eb86-4d4c-afa8-b5754455dc03,w0nderful,146,3846,ua
b0f7ff0c-5051-4826-9dd4-b7e0219de821,fakerealityy,147,3845,ua
7a51f50f-6fdd-4fe8-9c30-455cd3b8d694,yasxozhysyma,148,3845,ru
5ffc6439-29f3-47a6-aebb-f73ef591827c,soerrr,149,3845,rs
4c3a4a59-0cdb-4477-b90b-1109a1d0cf13,BOROS,150,3844,jo
df5ba290-c6a6-4481-8e9e-d16ceb4dbc6b,KaiR0N-993,151,3843,de
793ea9e5-fef6-4571-9b30-7c5d9f323215,darui,152,3843,ru
a99dd5a7-45a6-4019-8bc6-0f30fd554ef5,aidKiT,153,3842,mk
0965c421-4957-4e48-86e2-2c3966abae3f,cairne-,154,3842,ua
4cabcf3b-8baa-4c71-a1d3-cf98d581e971,Toshiikk,155,3841,ua
cb0cc456-8ae0-438f-bf8b-4e000e4e0476,s4rsen-,156,3838,kz
24636d00-25cc-4ab7-9cbd-67c633c08d0c,topo-,157,3837,ru
d15e9f85-12c3-4ad9-a174-6d0248d6393d,Nosik,158,3835,ru
c41561a6-a5f4-459c-8a5c-bde5f8eac911,Muk0s,159,3833,ru
8b3dcf0e-1a09-409e-b4a9-51002dc2079f,WaSdyy,160,3833,ua
d700efb0-363a-468d-88cd-f22c3567bcd6,rose88,161,3830,kz
67345c91-57b6-42dc-b49c-330b091da3a6,chronic111,162,3830,ru
08eb0b0f-b360-4b61-94ad-c949afd665ea,Krimbo,163,3830,de
ae6f1503-1de9-4b9b-9a29-f1b9de916870,jabbi,164,3827,dk
43857419-1f5a-4b9d-aba7-011092133de3,KENNY-_,165,3827,cz
5e18dd12-2e40-48c4-a66f-886108f095ed,HeavyGod,166,3825,il
4c27b599-0a56-4f3e-80cb-6ef83b6df2cf,Slaxx-,167,3822,pt
f3fef601-52ca-4bd2-8ec6-9e9f532a6c6b,nikusharain,168,3821,de
c519d8f3-0c93-4476-af3e-38395ee7c297,teses,169,3819,dk
a699663a-e65d-4c93-9a92-fd5a91955cc4,cadnyx,170,3818,tr
078ff0df-ebb9-4352-b7ee-dc2044dd676f,-finW,171,3816,ru
84f4489d-e23e-4a8a-b3c5-dccf57610195,-rim3,172,3815,tr
6dc1d190-e2e0-4762-9fbe-5f3d40ea1522,Br4tkO,173,3815,ua
b030ed65-9170-4668-9bfa-ac6c2e53954c,St0m4k,174,3811,ua
36577e6e-2c58-4812-bc6a-6b110ce00e56,nesh66,175,3810,mn
bc74e768-9ee4-4472-bb10-6280b47fb94b,mak1se,176,3808,jp
d5fa1a5b-9fde-4996-bd1e-bab0aa9bb0d2,ryu777,177,3804,lt
8d345deb-661c-4286-b663-96679d9bcda7,DEBABA,178,3803,dz
41867c48-0982-4608-af44-d9749c2b5b6a,MoNaTy,179,3802,kr
1e1d8f20-c572-4e53-bf37-4590a5512687,--DeDe,180,3802,is
2e65b3ea-fdb0-466c-9aca-89e170c67b61,depact,181,3801,tr
ab2bf7fd-7997-4a7a-9c94-6b7d52ffd200,yxngstxr,182,3799,vn
5be133c1-38b6-4dde-9107-b64c7458452e,notineki,183,3796,rs
a258abc5-326b-4824-a9ad-b3fa2855b712,kalymbs1,184,3794,ps
02b26fe9-49d1-47e7-afa0-1b5c562ca4e2,KatzRead,185,3793,tr
194afbb1-cb96-4fc8-8bd6-5f932b3fcfa3,susp,186,3790,se
95adb33f-5e6f-4c6d-be25-f2e8b1d9c628,Amarogo,187,3789,ua
32c49d7e-20fc-4fb5-a54a-c99f90262311,emiIio-,188,3789,dk
2060bf4b-cf44-41ad-92ca-2492bc95f88d,2016wasfun,189,3789,pl
504ca567-8911-45dd-a680-a617dff2c00c,swetsi_1win,190,3787,ru
b27101a3-c6e1-44c8-b83d-19dab54cb7ac,sl3nd-,191,3786,hu
472386e2-8e2b-43ab-bd00-5ea49d71d33b,7MusorDrop67,192,3785,ru
931f1364-a519-43c6-ab02-a73e8416481a,Saax_,193,3783,fr
967b6309-c289-4900-8459-0e33ce488b1c,L00m1,194,3782,se
b8c3743e-a4c3-4168-ad0f-348a37a77a72,GrandLove,195,3777,ru
dfc49048-07fd-4d4e-825d-f2d7f155c4bb,somehxw,196,3776,ua
3e7ed0d7-2105-4d2d-929a-f6befe6d8cc0,ayalkasi,197,3774,ru
18911949-a23d-4b42-bd0b-7a970b51824c,frozen_-,198,3772,sk
720fc287-1f03-46ff-a6e2-4c9bede77262,-yummy,199,3771,ru
964410bb-394d-4633-87fd-501ec0fbb914,ritchiE,200,3770,be
6ac4baef-7bbb-4bc5-9f2b-aa95176bd8ab,YEKINDAR_,201,3770,ar
78407773-ed65-456a-a507-ca50cbd78e17,SEMSY,202,3767,jp
4e841b14-b668-476d-b7db-774f68aa4ed4,Patsi-,203,3767,ru
b58c8c5c-41da-4388-9864-0f3f72ca13db,datet-_-,204,3766,ru
86383974-b132-48a2-a66f-cf9d3a3d68fd,tENZY,205,3764,rs
075ed300-7ed3-4377-88ba-9572f9ea8e3d,n0rb3r7,206,3764,am
a8570791-3e92-4b4d-9e45-8c2f8da95fb6,kwaren11,207,3760,kr
21ee0d80-64f6-4277-80b9-c734d92a2880,torzsi,208,3759,hu
4c5c2a03-15b4-48e1-8791-d54d6a2b3668,Altekz,209,3758,dk
254dbfc8-0e3d-4e8b-95a4-88e19fec565a,jekuya,210,3758,ru
d682a62e-43f5-49be-b8c9-de923adcf564,SunPayus,211,3757,es
6a5abce7-952f-4434-9db5-160392ec356d,miwo,212,3756,rs
ebc37641-39d0-4692-bde6-c7a11ac1e90e,mara5m,213,3755,ru
13222ab8-3b38-4beb-993f-a585df257ea3,EgorK,214,3755,ru
9aad1747-b65d-4a0f-9a14-2ef947fe92b5,Sowalio,215,3752,ru
520ada08-ad17-4b3b-a373-8c8534154e2a,TOKYOPEEK,216,3752,ru
6b692694-71cf-4a80-ae97-57c3f2f7425c,blissfuIperc,217,3750,cn
43febbb3-7f82-47c0-88fa-e2f122d5f20e,Rex1111,218,3750,se
1ad1b7ff-b644-4431-9ac4-a5cf09855910,1ader,219,3750,pl
f1174c0a-fa42-4a2f-8160-b870b8879ef5,KOT_XAMEP,220,3749,ru
656ffaa4-415b-4896-8a19-931366de23c8,ich1zoku,221,3749,ru
3939bd47-6a42-43f0-936c-eb53bc5f16e5,kaioriii,222,3749,ru
fb2e77e7-ec1d-40fa-83a1-c01646167651,Z1W0W666,223,3746,ru
c39663f6-8e91-483c-8319-503449563713,Lewis,224,3746,ru
32cf4622-150d-4362-83d5-de543ed16262,regele,225,3746,ro
8e59e230-0935-4309-b335-a16211617ed7,SBolt-,226,3743,ru
88cb74cd-d98e-408c-85c2-b39e55004658,billz,227,3743,ru
220685cd-1a18-4402-a9a9-ac240313cabd,xeedo,228,3742,by
4c2a6018-4aaf-4294-8449-777ccfad144b,goddrain,229,3738,ru
b87eadad-7829-4f17-a85a-281ff569829a,ForesterONE,230,3737,ru
6db5e566-77ae-4c30-852d-4fa54c4445aa,Alv68,231,3736,ru
a4c4fb77-1996-47bd-b5e1-c14d86cf9997,444rainy,232,3734,kz
9e36e2b1-c0e0-4d77-a442-d5947ec19225,bajmano,233,3734,pl
892ca5ae-5720-4d5d-8a98-33dc117041aa,narkoman812,234,3734,cn
34aaf94c-d15a-4a1b-977d-82810a025407,tommy10,235,3734,ru
98f1d2a1-6302-4d93-bf38-cc25f6b25256,gr1ks,236,3733,by
f3f50c96-9d1b-4642-9074-477a07e54507,-khaN,237,3731,kz
522ecdd7-5fe2-4bd5-9806-4c015b9a1f8a,dwushka,238,3731,ru
fd16a07c-5735-4148-8859-3369feb41275,stefienson,239,3730,ua
507c6778-89e2-45cc-8f8f-cf04615df6c8,Frip,240,3730,lv
0b2a4c62-2071-4582-be3e-50fbe6f53544,Eldarqwe-,241,3730,ru
6dce33f7-ba07-401a-bfe7-af51cc597a76,Woro2k,242,3729,ua
3429651a-5020-4d07-85ef-34049adff713,starmie666,243,3729,ru
c44f1259-0651-4942-8543-af0f03e62ac5,SELLTER,244,3727,de
2a82893f-3a7e-4458-9141-0b19673fa049,kashl1d,245,3727,ru
c85a67d7-2635-42c3-991b-4c1f0b93c5cb,999_,246,3725,ru
9cafe8f3-0b6b-4802-9cbb-806b5b751517,Enfeebled17,247,3724,fr
6d8adf92-798f-414c-9d29-2896ceb5ad72,smooya,248,3724,gb
eba3dd73-7d26-46ad-b766-85c5ae0d9273,hyp3else66,249,3723,by
bae30b49-8c07-4f3e-922e-fa23b7ac0953,rafaxF-,250,3723,pt
c90b35e3-defd-41b1-b29d-d9cf1c46fc32,azukay367,251,3722,ru
1e8bd26b-d7f9-4fbf-bed2-d12ed800eee2,Smaley,252,3722,ru
52829e07-aa5c-42af-b8a1-e4fe6247cd48,Skrimo,253,3721,bg
ddd3c081-0602-4e45-bb4f-d5c5e00b65c3,cPuTu,254,3720,uz
28da77e2-bcfd-4458-a91d-e4d59a1f38be,nopzy,255,3719,rs
e64b6d73-6313-4527-b313-a852e6368cf2,redCS-,256,3718,de
dce1d644-6bf1-449a-85ff-6b399e4269dc,Botpa1,257,3717,kz
a387ff16-4062-4f6c-a1f6-c65650ff993e,-Kiyotakaaa,258,3717,ru
13d0fd67-997f-4255-9f25-a410b4fad2d0,stratefIy,259,3717,kz
a6ad9a5b-6575-447f-8f67-346bb4033189,dep999,260,3716,ru
1d92f104-8d0a-4866-bb6e-5c11196bfca6,MusorDropXD,261,3715,fr
7def4124-36c7-4035-acb5-427ffa531be3,Dawy,262,3714,ua
c5cb1b85-4421-4436-9390-49fa05ce45e3,-Kaide,263,3713,kz
a4a6fdca-b125-4d3b-8d35-3ad098b6a1fe,KursySSJ4,264,3713,br
14015a66-b368-4b90-994d-bcf6fa504f44,--_-_--_---_,265,3713,ru
0bf80a9b-cead-4a3e-a245-ca145dc2ab3c,-0scar,266,3711,sa
05dd1de4-82dd-4b55-be77-c30c4551d0d6,gothdespair,267,3711,pl
04ab709e-2f70-4651-8e0c-c7bffd037a07,shantarO,268,3711,ru
3dad5d84-2a16-4044-8a27-d473f0f6e353,herkulesz,269,3710,ar
d5ff6f9f-c95d-4f7d-93b7-d9ba0cb19dab,Aliot,270,3709,ru
bd70d269-6c10-4140-b03b-8e09fdf9ca35,fedko14,271,3709,dk
8edcd93a-e63f-45ea-8c77-bf9aa1820a47,shg-,272,3709,ru
b9dbab41-8e55-497a-b311-bb0514777fd7,ves111,273,3708,jp
326a3d6a-13ca-40b3-a56d-a47c27b6f2af,gehji,274,3708,ru
e5c779f9-eaf5-4113-b095-e284d1e44748,X345,275,3706,ee
d428b36e-7c8a-4510-8262-9cda26a3ff85,-qw1zera,276,3706,tr
f3988f23-6685-41a8-91c6-f336b98c5195,z0nger,277,3705,ru
eb4f52d2-5b8f-4401-8c72-138c995358d4,-tasman,278,3702,kz
e1bcffdd-7eeb-4744-b8d6-a582dcfb1670,Krad,279,3702,uz
5ce742a9-a319-4e89-8164-4f4ca528c4cc,wh1teout,280,3702,ru
40846b8f-7a3f-4f9f-af8b-85d118c2774a,myltsi,281,3701,fi
4d1d7bb1-64b7-4e34-97e7-6ee7bba48259,-relaxbtw-,282,3700,il
daf44626-2073-4878-b7fd-4776b8a2c93b,Pelle-,283,3699,pl
dddfd33a-cc0c-483c-b2c4-950de24e0c1c,z0t,284,3697,lu
7c6afa87-48a4-4e7c-a5d4-33d4d48c603f,0MusorDrop,285,3696,ru
08a4aed5-fb8a-402a-8119-ae428666c195,aimy,286,3696,pl
209c88dc-d2e5-4dfd-a7b9-38900bb10a61,dod02k-,287,3695,lt
dc49b288-2a75-485a-91b1-ee81ce2f25de,dziugss,288,3694,lt
b255e1b5-0b6b-4c57-a7ce-ad53b5521d33,CoCuCbKu,289,3694,ru
6f01bc34-897d-43d5-9b43-c6e49e408dd5,Twist,290,3692,se
024d5042-e159-416f-bf84-cf69b8d5ac03,oopee,291,3692,fi
b63c3037-b9f3-471e-9065-5e33ebc28b6e,s1reN7,292,3691,ru
06b0f344-d2e8-4951-ab93-23e9470ce95e,REDS7AR,293,3691,bg
322dfefd-d0aa-4e24-a4ce-509e4c5ed28a,toshas-,294,3690,se
fddc57f3-b5f8-4e63-99e7-b1fa798e849e,pavlebo,295,3689,me
b00eff15-ebaf-4805-aa15-b33bc18406b7,YUR0KY,296,3688,ru
9d4d4f31-8168-4894-8574-0d6b9458fb8c,77nightlovel,297,3688,sa
1ba6cea9-0e2d-4f6e-b1cc-0f93cf9d2dcd,KEiiiii,298,3688,pl
41acaa8c-cc55-4dca-a85d-897af2c1f275,k99y,299,3685,rs
3ad4eec5-fc86-438a-9730-e5d092821180,redzedsei,300,3685,cn
159069e0-7e7c-4e3e-989e-d9f723689e3a,-Dis1-,301,3685,ru
086df609-d086-4b83-9474-4347714e1f76,Fessor,302,3683,dk
3fa04793-fb47-46ee-be6f-c44cacd77099,h0sster,303,3682,ru
de8546e3-f76c-4118-8671-2f0bed373ff4,Porya-,304,3681,ru
9132c4ea-8c7f-4865-a55c-9d20aa2efe89,ronkyeee,305,3678,ee
f7ade297-4f13-4e91-b103-cacdfc3e5ba5,VLDN,306,3677,rs
48623ecb-e657-4292-8aa6-9389b4701b10,s1zzi,307,3677,cn
c14998db-c745-4904-8316-429d46510e49,NonAmEeEeR,308,3676,ru
0b71822e-4e5a-4c96-9b2c-be44ff7f7e86,DrammaGod,309,3676,ru
1a5c4cff-75d4-489f-91a2-970af1eda8eb,Sobol,310,3675,pl
d0bad1c0-551e-40cb-8535-137ea7104ff6,Zerk1s-,311,3674,gb
9b9ee020-9f73-4a4b-a68f-f6132bfb0377,Caleyy,312,3673,xk
f0f989d2-bbeb-4bdf-bb3e-9a92b9039c27,w1sely,313,3672,ru
c4bf8035-0124-44bb-974b-2860cb41ab5a,aparcik,314,3672,pl
74407bd7-b090-4cd9-8797-c4e3af17ae50,turcinskis,315,3672,lv
a7d9d607-a5ac-4aa1-ae41-4834085715c2,f0lkfan111,316,3671,ru
9d76e440-f676-4ad0-a04a-a8c87f7c21fb,arbnorz-,317,3670,xk
92224fbc-fb31-4362-850b-735a0c1d6c8a,kidofpain,318,3670,by
fbb6f5b8-c8ce-415d-b29f-374d6b543716,MrTrelog,319,3669,ru
83270bc6-74aa-4ca3-942b-f28a3d704b6d,OneUn1que,320,3669,ua
fddf0596-7573-4792-8012-79966c93689e,Licale,321,3668,se
975adbfb-f21e-4b09-92a4-704ab60c8542,ulqu1ora,322,3668,us
bdf798c9-0041-4a81-b581-28c52fede922,chedzik,323,3667,pl
798302b0-e3b3-40e7-b051-95c43766dabb,PhoeniXLUV,324,3666,by
5c60c1c4-653a-478d-90a4-441d1436a28e,-k0s,325,3666,ru
e76908f9-d95c-4022-b419-786ad4cb8d4e,torox,326,3665,ru
37a13cea-9f8b-45d3-9886-40faf2506d69,m1QUSE272,327,3664,by
2f215405-df5f-4348-8b16-d07bb82b8f66,lockstocky,328,3664,ru
25694913-c7e9-4a6f-9279-8fb932b04a4c,EBLANKANKA67,329,3664,pt
0c482002-4ad9-4eb7-bbf4-c36f786cdbd8,ms2180,330,3664,ru
42afba06-399e-4c2d-aaff-77595526ad70,cmtry64,331,3660,ua
3b6a98b3-fd37-42ec-9d14-3ca58a1e54ef,sh4shlick,332,3660,ru
e6970427-7853-42d5-960a-3b125aa3fe98,xseveN,333,3659,fi
0be6bdd3-7448-4711-84d6-79cfbbe86f71,musordrop983,334,3659,ru
6d612c68-1dd3-427a-bf4c-e5e8029c4450,mASKEDo,335,3657,pl
dd00574a-37b8-4c5e-87fa-b0569f624546,tamefear,336,3656,ua
8fc05816-4e4c-4df0-b6ab-4059965f95a5,feat-,337,3656,ru
1efdfeb4-7237-4a34-837a-9b4657295a48,svemyy,338,3656,ua
2fd44fff-097a-44ca-9bf2-6badf3282398,Muciek,339,3655,pl
dafc9a8d-9a0b-47c3-a703-e0919211b635,L0fer,340,3654,ru
400661b5-8cc7-4c40-9dcc-d1695b2047f6,Jisoo,341,3654,dk
36b19d20-ddac-466d-9868-b73f0212c3ad,BRIAN-_-HIZZ,342,3654,dk
c0216481-6d6f-4a69-b480-e1f3c4f0c36a,LECY89,343,3653,ru
1983b3f0-bd89-4fe6-a110-42664904443a,w4rdeN-,344,3653,cz
5e91d235-cef6-42c6-9b86-35560cc19e57,deeN--,345,3652,lv
4527302e-9120-4a42-a465-5e383580386c,kobz0n,346,3652,ru
242f97b1-a39e-40e5-aca0-153d7a76828f,saizius,347,3652,ru
9866bf07-6fc9-47b0-966e-e4302ecc93fb,rv1den,348,3651,ru
7c38b5ca-b385-4cf2-942b-d7252521d266,ne1l,349,3651,ru
a8efc434-5950-4621-8b51-72538fe6347d,dazzy-,350,3649,by
9b79818c-8be6-40cc-b090-b92878f5baac,5swiz,351,3649,pl
58f68286-29eb-4108-97e5-2d8d96c65e05,mezii--,352,3647,gb
dfa35d4d-f284-4ad2-9a7d-c3f0468b1e69,wignfan,353,3645,ru
a3e05af2-cb94-4de5-b56c-e5b30bde9f0c,S3NSEYZjE,354,3645,at
5d834b85-5d4f-441a-a0e2-a88713818bc8,ottob,355,3645,fi
3e96ad48-d280-40fe-b432-743bc6166e6a,bibu_,356,3645,it
2fe13779-4813-4886-975b-a23d66c22b50,rec1se,357,3644,ua
6111a58f-ec43-4a35-ac5f-6a27d4a8442d,kade0,358,3643,kz
08d5e3fa-ef86-447a-a441-7d61c106305c,nukkye,359,3642,lt
88aba0ad-9f4f-43f8-8691-78bd5935bb26,MAJ1X,360,3641,gb
75b7d8c4-e346-492c-adef-a91fffeb3886,z1k4-,361,3641,ru
1050ef15-3e72-45b8-a255-ba1c69f9ae03,karass28,362,3641,ru
b5ad53bf-7ef2-4e7f-b902-2218997c60f0,KATLEDICI7,363,3640,dk
6b52e429-611a-4cff-a329-79640d71dcf9,serrakura111,364,3640,ru
d4241a7e-40ed-428c-824b-186191cc1186,kkx-,365,3639,pl
b0e6d782-b60b-464b-b825-0551219d184c,Botman,366,3639,dk
43edb54f-28ed-41fb-9996-c53c1602b32a,taouser,367,3639,by
bf53ac48-b4ac-4b17-9174-4018772ad411,Griller1221,368,3638,dk
6051a477-a1fb-410a-bca9-5eb8e848a515,grekuwu,369,3638,pl
32181c2b-b743-4bcd-abd1-1a76378beacf,zs0lt1-,370,3638,hu
35c42621-9863-49d8-a9d3-98cd2ebd3695,Sdaim,371,3637,kr
23b6ffbb-86ec-47ab-acaa-9c76bed0af66,jL-,372,3637,lt
abe4d53f-ed16-49fc-8d86-3d1abac2d5ef,yanni-_-,373,3636,ru
9dd05297-26eb-4cb4-a2e2-544b242f0a08,DAN9ARMATURA,374,3636,rs
0cf9c7b8-2003-404d-97d4-fa9b5fae1878,Jimpphat,375,3634,fi
a6b1e85a-0d17-4fa3-9c08-900211bf7692,mattloo,376,3633,mt
c328112e-d19e-4dc2-b0d9-e95372a362e7,Hrdina1452,377,3632,cz
6f65cd76-e51e-480e-b0f4-d8ca78c3ec63,VILBy,378,3632,ru
40ca7ec3-ca11-4e1b-a3b3-3989c1aaf13f,baz,379,3632,ua
08b00737-a7bf-46c2-b501-052c101f3e6e,siz-,380,3631,se
a86a13ca-a850-4e31-9e46-76026f25a8df,flawly,381,3630,ru
95371621-2dc2-4ae2-8633-e70c1f754d25,kiy0o,382,3630,ua
fa304d5e-0d2e-4b7c-a802-a9ee2989d6d7,musordrop01R,383,3629,es
e15c799e-2f9b-42fb-9233-db6908126b26,LunaticYF,384,3629,xk
57d0ffa1-44d3-4271-9360-f09bfb7e3466,Ayri21,385,3629,cn
ba3282ae-21a1-4a9d-a2e4-e579a67f2472,ToM223,386,3628,pl
99726d5a-04d8-4b74-a12d-b5e012ae745c,anttzz,387,3628,ru
803bd4ab-3891-4686-8301-aea69a426477,PsychoDoctor,388,3628,cn
7dfc0c4c-28a0-4126-8b97-349ba09bc314,neptun59,389,3628,cz
3bd30889-be3f-49cf-817f-1399c887f2d9,zeRRoFIX,390,3628,ua
651597b1-03b4-4c74-8848-dd688599cffa,sk1tt,391,3627,pl
bffdd912-57c0-4c48-9735-3d36059236b3,SatoruGojo_,392,3626,lt
9b9355f1-870d-4d85-bb37-9b71d591d779,608-,393,3626,kz
79df73cc-00b8-40c2-9089-d20e81b91614,Nivera-,394,3626,ma
e5806414-a8b4-4f7e-b13d-e16066e3984a,suisha,395,3625,tr
675b5450-f00f-4009-92b8-10d17524959a,Proinya,396,3625,ru
a9147ac0-cd1b-4ab8-a634-a3562d29dc13,W0nderL4nd,397,3624,pl
41e80191-23a9-40af-a3f5-b0452d31b7a5,xm1nd337,398,3624,ru
381f4aa9-921e-498b-8548-af3a61a95f45,fall1ngxd,399,3624,cw
0bd8a37f-2bf9-4a2a-8c4d-4ec60249c758,Kovvat,400,3624,ru
a5f7f49b-13f4-406b-9868-99503a228d4c,Myggis,401,3623,fi
96675589-94d3-4a3f-942e-75e876c5407d,amanek,402,3622,ad
8f97a4ca-0315-4386-a97d-4ec6b74a432a,F0R3VER-,403,3621,kz
3c1ca83f-5c0b-48c9-9efb-86e02999bad4,CoolezW,404,3621,kz
f77f8060-0918-4c9c-84eb-4b871a0d0430,Farab1,405,3620,ua
f317884c-2d70-4cb9-8f03-418064e114ed,markovich666,406,3620,ru
cd355df3-21b0-4677-8e79-6d823aa6ebac,takanashi,407,3620,ru
a421bf0b-db37-4194-8d57-59aa2cab64a0,NaYz,408,3619,ua
14bf6f49-e335-4cca-b270-2bff1bc95485,whisperr23,409,3619,ru
f0d7de73-a6e4-4fd8-961e-d4f5f283e931,kenjezz,410,3618,ru
e5b77795-ddbc-418b-a72a-e8e8e2787d54,eNs,411,3618,tr
917a60fe-0a2f-4cf8-b93e-8d8242e2aa87,Bl4zE333,412,3618,dk
7b6558ed-94e8-4344-a805-788cb226d03e,oz1k,413,3618,ru
31a278ea-2af3-4101-baad-2bff533b5c01,Blytz_,414,3618,ro
13a07227-30a0-4590-9b66-e8e5841b7a8b,H4SAN4TOR,415,3618,ru
0afea8e8-c7e2-4ad7-a20e-ec4ba4ce80ff,3BL0S7R3L,416,3617,cn
b65ca382-cb8c-42a2-aeb7-822fb72cb9a7,iffo,417,3616,cn
685163c9-a0d4-41b9-8373-d0d2f26ab42b,kL1o,418,3616,ua
1ace868a-d60c-46b8-a61e-f51d40d0305b,lilpeepfan-,419,3616,cn
6e9625a5-9d91-4b07-9858-0042f5a53f6a,paz-,420,3615,tr
f34926cc-3857-4d91-bc5a-316ec071263a,djgor1lla,421,3614,al
f2e856bd-3ee0-4c05-85da-0f26ecdfcd69,Jhniewolkjer,422,3613,rs
cd978277-44fe-46ef-85e9-c916be624bee,Maiser,423,3613,ru
8dd252bc-7bed-4b80-a8af-08292429f90c,shaiK,424,3613,bg
01b56a15-1e5d-43ea-9173-8d2b812bc1c6,strixxxzz,425,3613,ru
92e63ac2-a228-4a2c-8db5-93e4a0b35e6f,SILNYI4EL,426,3612,ru
80396ca7-9e6b-440d-bea6-99c20a78758c,MadLife516,427,3611,il
53771794-0678-4e00-b12b-605404c711f0,icntflmfce,428,3611,jp
43cddbf7-48c8-402d-8ab5-2d7b35c519c2,Tired5,429,3611,ru
f054b0fb-9841-45b9-b832-d3d38f3c948e,iNSANE-0_o,430,3610,ru
6a8c42f1-b66d-49d3-a89a-d0fd7c11d544,CHANKY-,431,3610,ro
0e5e5804-66dc-47fc-abf8-78fbabb2e486,x1nk1n,432,3610,ru
fddec513-3b2c-46c2-8223-5baf9d7c44e1,qw3zy,433,3609,ua
7755ecad-986d-418d-932e-2250132bee75,newnickname7,434,3609,kz
4396868f-64f7-4847-8443-4703685a0aef,hitori,435,3609,rs
1606bc69-b662-43ff-a5a6-cb3667b1175f,qw1ck,436,3609,ru
f20f58ba-b7f6-455e-9267-5700584798a7,resqz,437,3608,ru
c1302426-7b94-464e-8074-934bd584a311,latayo,438,3608,jp
47444e4a-3a2e-4952-a6d8-eb535f3f9c82,Something,439,3608,kr
bea77fb4-1e11-43bf-aae7-1ce463bc0a21,nukleos143,440,3607,ru
5d950322-1f67-41fe-a8d7-3831ef236504,xz4yrix_-,441,3607,mo
b88c11ce-6c1c-4caf-826c-a3781f5ef95f,r3td,442,3605,jp
a890369c-f360-430b-bb2b-07320647239f,Sami,443,3605,fi
41e2d7e1-a224-46b4-8565-cc04e4a9d1ea,crazed-_-,444,3605,cz
37032643-d56f-417e-b165-f058646f8076,wakash1ma666,445,3605,us
63bbf570-f8f3-4502-9c27-4b2d767bfeb8,newt,446,3604,ru
5b8d259e-503e-4afe-b621-0dc202d46e43,Buzz,447,3603,dk
ec933b68-6007-408c-818d-10cc284b6838,-mortal666,448,3601,kg
1e004a7b-a857-49ed-ad46-a3f8549d5b7e,Jaex-,449,3601,tr
ea125fed-a8af-4d17-91b9-4e05dc51a0ba,shalfey111,450,3600,ru
c03e59a1-785d-4821-8300-e84d2a30a99c,fez,451,3600,dk
888098d7-ca11-498a-9d76-aa9bc8636708,-Aldikon,452,3600,kz
9af7e56b-2661-4235-a853-788f9d07d7c5,safraleine33,453,3599,ch
1fc5d089-ed6d-42bc-9014-b7bd8024a5ce,wouri,454,3599,ee
94f48ada-f249-4fd3-92cd-d7e1454bbeb3,percoshk3t,455,3598,de
835047fa-11b8-44df-aff2-df367bacc016,domin0o_,456,3598,pl
9b60b444-681f-4075-9bb2-5b8a1e6c8c0c,zendirege,457,3597,ro
45a216c4-0a48-4475-9e16-4548a1ab8a63,-guty,458,3597,ar
24d172ce-17ac-4473-9bbf-604230499642,kaneko999,459,3597,vn
766e6891-f43c-4caa-9069-6ff948384229,foidslayer--,460,3596,fi
6226a775-1377-48c3-bac5-3a772af824fb,inwayz-_-,461,3596,rs
31344471-a809-45c0-9190-fd6420769871,hallzerk,462,3596,no
07590cf0-6f1c-4a5c-b349-5af955627f30,kRaSnaI,463,3596,fr
7620a1ae-c74b-4677-80c1-3e551c8c3fb7,PYREXX-,464,3595,cn
2148ed19-15a3-4d2f-973e-4b7d6a29af6b,AI-Bagheera,465,3595,md
a20678de-0c2d-4a9f-bf8e-3c856bceab45,b1t,466,3594,ua
57bf2171-049e-46e6-8e16-131dcb92a415,avid-,467,3594,se
43e675a8-d54e-42c4-b055-c0d2062bbf7e,YumsaN,468,3594,ru
b0ee1f18-598b-4f15-89d5-99b614cc93b0,Malkiss,469,3593,ua
8a4b1c1b-7957-4b83-a18c-1dee110c4cfc,1nki7331,470,3593,mn
d9981652-0143-4c1f-9de5-7fed7f2315f5,k1ssly-,471,3592,jp
d6537a7f-eb98-449d-9f31-cada1d6b910d,wswavdghfwd,472,3592,ru
2d83d2dc-abfd-490e-b05e-0019887cf33c,731MusorDrop,473,3592,ru
da235764-ca50-4d23-b071-38e9bf44a39b,jv2k,474,3591,fi
f91a0186-c110-4c26-b82b-b77f885510a4,cheaterhs,475,3590,ru
eda41a31-6cf9-49f9-9870-7b12bb0d9150,CASEKAICEDO,476,3590,cn
d3f24072-38c0-44ac-9d8b-5dba72c47569,danil_potoke,477,3590,ua
772edefc-9b9d-4e5b-b33e-2958eb6c38a7,H1jgnsh-_-,478,3590,ru
1495e67c-8aa5-4e8a-9e24-7f17e5ea3049,PUPA-9,479,3589,ru
ee612218-4533-4dbc-a8db-21192d8217b8,epeaj666,480,3587,pt
15371e7d-a30d-4b6a-80d8-d8ca1b8cbc43,stavnmagi,481,3587,dk
fed5173b-cc64-4d2a-914f-84273a4eb392,deliciousSs,482,3586,cn
f140177f-6dec-4903-9bb6-598f1049e97f,her1tage111,483,3586,kz
e35850f7-8043-4e71-9d3a-3748cb6dfdd7,Shoota-_-,484,3586,ru
c46fe7d1-7623-4014-a63b-2e8bc3cbac62,262,485,3586,ua
defccfc4-ddf1-4aee-b441-51adf7306f37,m4d4ra666,486,3585,ua
24a3d250-e64e-4212-9872-2f37997e3e5f,l4uvmaria,487,3585,ru
c6ab629f-9142-4edb-9cb9-a88d5b6ac7ef,Chr1zN,488,3584,dk
30d65106-6fb6-4f84-8a7a-66c10df34b72,--SanDy,489,3584,ru
f02fe0de-fda4-490e-8048-a33cd7a47b54,Jayy2s,490,3583,pt
a29dccc8-5ea9-49be-a884-09b80706b010,fdghnsfdgb,491,3583,pl
75c35b01-719b-4d98-b110-e99a0369097a,whyalive999,492,3583,cn
cab2a609-de2f-4023-a9c7-af89d5292c96,D0cC,493,3582,nl
c8a2d8f4-c3d9-46dd-b779-e20940697c76,emiii-,494,3582,rs
3783cdb7-ad5b-4c10-ba0e-ba14df7f8403,-Blam1e,495,3582,ru
f60f128f-693b-4be2-8d37-d8bf0ad519ec,faydett,496,3580,ru
1bce43de-6944-4533-8402-4631f989c56c,kagiriiii,497,3580,de
fa49d188-261a-4200-b10d-1c632dfeb87a,solb7,498,3579,ru
cc4540db-0be4-43d7-869d-0a10573e8902,PleaseF1xMe,499,3579,ua
b89b63c3-72b3-4f94-ad9f-8f1cede7e874,edgyS,500,3579,tr
