player_id,player,position,status,history_records,expected_matches,collected_matches,missing_count,fallback_match_queries
e5e8e2a6-d716-4493-b949-e16965f41654,donk666,1,complete_with_missing,122,120,119,1,1
33c4e3c7-5428-46f2-bc0f-3fbdce907873,abiraju,2,complete,264,133,133,0,0
74df0e6b-5b41-42d7-93b4-05dc78b9a699,dem0nnnnnnnn,3,complete,102,100,100,0,0
5c96af4a-20e7-40dc-b91b-551803b6170a,1prince1,4,complete,269,230,230,0,0
e5b855bd-3dbc-4928-a216-241d615b431b,nipl,5,complete,230,225,225,0,0
34f9fcd0-4f1f-4693-bd96-c2e29df992e5,bluewh1te,6,complete_with_missing,202,155,154,1,1
64000660-f2d2-4c9b-8e29-6ad5ec2b49cf,CEMEN_BAKIN,7,complete,183,182,182,0,0
463b9403-9b63-4408-a962-d9452385af4d,z1Nny,8,complete,149,112,112,0,0
be994de3-89c8-4d40-9286-c14035208743,-SYPH0,9,complete,133,118,118,0,0
2f5f6b1e-9705-45e8-9065-233680b8f4b8,synyx--,10,complete,178,146,146,0,0
ae86bf74-eeda-444f-8db4-a4703a74fc95,1769-,11,complete,289,243,243,0,0
10b5e974-6308-46ba-8968-0d8b2f5e5c04,U10m3k,12,complete,111,91,91,0,0
7034bcab-8503-4615-b216-ba9f05c0ae13,adamb1,13,complete,155,127,127,0,0
ca1a7e52-32d3-4330-9c4d-c6d91c7e1eca,kumao,14,complete,200,173,173,0,0
ba9547a0-c1de-40d7-92be-17dc224c2aec,Ex1st---,15,complete,157,136,136,0,0
300012ab-d5be-4271-96be-e2ac66a8f4d4,tried,16,complete,342,335,335,0,0
b0bf2cc2-198a-4a78-988d-2e7ff7ee6815,Magnojezzz,17,complete,104,103,103,0,0
a1d1b853-0d85-437f-9e21-2e9dea4976f5,kRaSnaL,18,complete,514,493,493,0,0
2ee20933-e330-4879-8eed-0eda12f63b60,Ryujin,19,complete,281,263,263,0,0
7cfd2312-1ff0-434c-a4b1-be10b033636f,xKacpersky,20,complete,166,155,155,0,0
dfe2650b-74ec-419f-8308-cbedfba7eae5,D9D9VOLODYA,21,complete,374,359,359,0,0
512e4ffc-1edf-4f6b-819c-8d15498267b1,tronic,22,complete,234,168,168,0,0
f0b0bbdb-af3d-4ad2-a509-9d75e472a558,sakha,23,complete,523,437,437,0,0
d3b48a63-5d9d-4db7-ab3f-1dc325b0fc34,mazay,24,complete,72,56,56,0,0
2ce03e2d-72bd-45d8-872c-dfdefd172e72,nbl-,25,complete,184,172,172,0,0
14ade289-8e06-4e85-be76-7ffc51426cae,SquEzxc,26,complete,131,113,113,0,0
3b04032f-fa9d-4f8d-9cb5-a2481c51d4bd,Kopol9HEybuT,27,complete,169,140,140,0,0
ac784f9e-2975-4e9d-b3bc-f2b4a2e8c83b,trd73,28,complete,185,146,146,0,0
ac852ba6-6bcd-48f4-a216-1fbe64aeb6a5,mag1k3Y,29,complete,210,195,195,0,0
58dabfcf-c6d3-4a31-bb0e-9c95ff9c891b,whyhurt,30,complete_with_missing,350,308,307,1,1
3f31fb51-5179-4d2a-871f-831c46d51e5b,rifler,31,complete,304,227,227,0,0
821d2f75-a314-48d7-8a90-5d2f152e761a,em0k1d,32,complete,150,150,150,0,0
8f151c97-d096-40f1-b3ae-3afaaca644bb,hARNgAdd--,33,complete,248,219,219,0,0
e942341f-24df-45d9-ac6d-9817cfa6ad0b,frontales,34,complete,103,75,75,0,0
09013eac-138e-47ca-a38f-2ba9021c975f,flouzer,35,complete_with_missing,153,134,133,1,1
f7320c44-0f99-4c4c-a56c-f83efb346eb8,fudzhy,36,complete,251,189,189,0,0
5f766d86-a43a-463c-8673-b4b3d8889631,tokyoshi,37,complete,310,261,261,0,0
89aee03d-1762-4b48-99b9-61ff5827dd3f,KAD1M,38,complete,189,160,160,0,0
16535c6a-fbce-4485-b5b8-fab4340b707e,b1st-,39,complete,162,148,148,0,0
3ecdb88c-0a97-457f-a130-d0782176f94d,FenomeN--,40,complete,83,61,61,0,0
31cf2b21-6afc-4bac-a36f-40cebaa6f862,cartilag,41,complete,211,148,148,0,0
7c15da7f-39d6-4f8d-b237-ddcc58d0751b,hey666,42,complete_with_missing,328,289,288,1,1
4b6a67fe-50fb-462d-9940-568d8ebd3f83,0SAMAS,43,complete,181,161,161,0,0
18842687-3e2e-45fc-a146-0cc8d4d398e9,ayuki222,44,complete,70,49,49,0,0
e1c59162-b1e7-48c6-9831-eff3170045af,Tri-Borgg1,45,complete,243,200,200,0,0
24f68939-d90a-4e47-8e43-7e5137c86f48,stressarN,46,complete,110,88,88,0,1
bf4c5d97-d8c0-4d0f-bdf3-26066898a7b9,777thienlao,47,complete,287,287,287,0,0
4df4d439-0a99-470c-9c36-83b9405a2640,Pump-,48,complete,98,93,93,0,0
2d2af39e-de80-4670-91da-3a5f7c4a6d32,alkarenn56,49,complete,82,62,62,0,0
898780b2-bf70-4c28-8e0d-b9600be8397e,zweih1221,50,complete,134,131,131,0,0
009623b1-dd6e-4551-959e-990a21657f93,Mzinho,51,complete,92,66,66,0,0
ee98a960-c028-4fc6-a62f-af6244e6226e,SiKO-_,52,complete,249,236,236,0,0
a280ed8a-3e2b-4305-8e71-fb4c9cc7fa98,kl1m--,53,complete,163,146,146,0,0
d9e2a538-9722-4d1c-9925-958f849de1ea,NertZ,54,complete,128,127,127,0,0
553eaffc-58b4-4534-8310-cc19b37f72de,lattykk,55,complete,58,25,25,0,0
c5c1fd40-16a4-4a4f-81ff-b21839a9353b,-FpSSSSSSSSS,56,complete,286,274,274,0,0
840ac5b1-cf1e-4e54-aa54-fbb11bffd146,Kingway0,57,complete,275,238,238,0,0
dbba8660-90d5-432e-8eda-5e766ae13d23,top1sacer,58,complete,436,424,424,0,0
2864bdaf-21ab-4757-bab6-3262bec18ec5,ooh,59,complete,177,177,177,0,0
b9124784-0b46-4279-b95a-9e6c0a3701c6,rokilan,60,complete,222,178,178,0,0
d5f8380b-673c-4d53-8bbb-d537131ae2cf,Keksimage,61,complete,248,212,212,0,0
7657e31e-7356-4b24-9930-140c13afda49,Donii,62,complete,268,253,253,0,0
86ff5145-8f7f-49f2-b971-c9945f696e71,rendysky,63,complete,94,56,56,0,0
39bcd70b-01c9-439a-b1ef-029c92ec42ce,M1key-,64,complete,126,114,114,0,0
b3df676a-ce32-4229-8144-9329bb7a247b,dement3r-,65,complete,138,92,92,0,0
0372e659-5677-4481-aff7-496d2596e5cf,m3wsu,66,complete,223,211,211,0,0
e767b78c-8a2d-4bee-b65c-766dd8bab560,gooddeph-7-,67,complete,112,77,77,0,0
c93012d6-5e6e-4b84-b39f-b7d4cadfa75c,OGbrigada77,68,complete,193,184,184,0,0
b5ecf6b6-0ad9-4976-9f6a-92470ea1c92d,FAZERY,69,complete,88,68,68,0,0
4513b098-01b1-4bb5-aa89-8bfaa5ad92d1,k0gaSs,70,complete_with_missing,256,218,217,1,1
75d9c4f8-7cef-4f19-9dd5-500ef0a5b9f0,thecursed-,71,complete,227,219,219,0,0
e64f169f-cf2f-47f1-aa84-0b04a9566c53,sqw--,72,complete,208,181,181,0,0
c11367d0-bbdd-4398-9a32-858ac23bf950,Maarkoos,73,complete,320,284,284,0,0
f2dea182-d1b6-42eb-a95c-909604817c12,idifuxa,74,complete,108,55,55,0,0
10735fa0-ab32-4b53-9725-f2f6ce9090de,youka,75,complete,100,83,83,0,0
b3eca94a-e203-49b3-beeb-d994f6a4df63,--Mokuj1n,76,complete,173,146,146,0,0
3ae0a945-fef4-4738-b6b9-7b3b5db7f249,PR--,77,complete,84,84,84,0,0
e8d95f8f-ecb3-4bd2-9dd0-28da03c253f0,brutmonster,78,complete,158,151,151,0,0
560a0af8-5fcd-46fb-ace8-7a89ce987b27,dezl3bio,79,complete,150,135,135,0,0
93306681-bce6-4369-8c41-e0bdba2597ed,m0NESY,80,complete,28,27,27,0,0
cb38b461-9ead-4683-9406-237263c331db,slaxejezzz,81,complete,108,103,103,0,0
f45986f7-7618-485e-a9ff-ee3e629589cc,MaSvAl,82,complete,66,59,59,0,0
860eb93d-a963-418c-9e2c-69d39f270eb3,Krabeni,83,complete,170,158,158,0,0
657680fd-36af-4fa3-a506-8e1f6e64a1ff,kensizor,84,complete_with_missing,134,129,128,1,1
00beb86f-d29e-4f4f-ad7c-580d9b1434b4,es0r7,85,complete,177,159,159,0,0
70afdb5a-9362-4aa9-bfcd-2e10e6447293,heavensent,86,complete_with_missing,205,186,185,1,1
1a4ed498-cee4-44e7-8fee-ce1ecba7647c,executor,87,complete,134,92,92,0,0
ff5a0714-0b89-4646-a6b3-34fc571913ff,Dyshbert,88,complete,353,277,277,0,0
f2ed130e-93c9-46c9-8f93-377b18a43007,m4tthiXD,89,complete,182,143,143,0,0
f2fe1b0a-5106-4943-a66e-61e9dad480e4,shen,90,complete,203,183,183,0,0
2d746c13-16de-48bf-a8a2-b7a0341aa66d,day0sTV,91,complete,303,289,289,0,0
9ba15dee-7a51-4524-a502-5161dbf1a604,Kiryasoo,92,complete,285,244,244,0,0
981a95bd-ff59-4ead-80ca-55cd3a3034ba,bl1x1,93,complete_with_missing,130,118,117,1,1
07a67e4b-d42c-4352-802c-56f3d8a0c357,skept1K,94,complete,105,93,93,0,0
fb1af1d5-eee3-46e3-9939-01df9420b9d6,xelex,95,complete,85,81,81,0,0
f021a295-77ea-4eb4-a86d-f5de0fbae819,-k9ppy,96,complete,372,329,329,0,0
3debc071-8e59-4823-86ab-ed3996ecc200,aMPYLS0N,97,complete,384,355,355,0,0
7dbf107a-1199-4932-823e-e38ccc46288e,MaiL09,98,complete,197,176,176,0,0
bd0c2058-84d7-42a7-9e52-d42caa1bcc47,Djon8,99,complete,117,56,56,0,0
72e06938-b0cd-43d3-90d7-7db513dcfa0f,la3euka,100,complete,219,185,185,0,0
9fd59dc3-fcff-4a13-a40b-52fe7391020b,headmashin1e,101,complete,244,180,180,0,0
df7166cf-725c-4438-94a8-069e6df31a56,adex_-,102,complete_with_missing,224,190,189,1,1
ad239f19-d904-4771-8e6b-5a6c071bb94c,tO0RO,103,complete,82,70,70,0,0
b16878a2-01c6-4d99-8a2e-7a9bc32a83a5,t3ns1on,104,complete,210,121,121,0,0
d649f36b-8ea1-4f0b-b326-a631f8508938,-Kunai,105,complete,124,105,105,0,0
dca638b9-fd2d-40eb-b7c6-c853242618d0,iRV1NG,106,complete,183,120,120,0,0
d413e287-2af5-49cc-a95c-8825702fa233,seximanjak,107,complete,307,275,275,0,0
1e01229f-b0d8-4cb1-82f0-6fd7dc362990,Qlocuu,108,complete,144,123,123,0,0
e8efe2d2-a8a7-428f-87b3-d2b3c29e0e5f,Anlelele,109,complete_with_missing,148,122,121,1,1
5ef454c3-1ff3-4a9d-a2df-097cbcb911a3,ayanokojii,110,complete,267,256,256,0,0
329c6a46-4acf-404a-8a29-fd391e6a88de,-kRyTouS,111,complete,159,139,139,0,0
2f96ef6e-c6f9-4c55-bee9-c49798801fd4,puuha,112,complete,131,106,106,0,0
085e0f56-1417-48df-b9f8-2279c8756854,musordrop853,113,complete,199,190,190,0,0
dcc5bb48-c74c-413e-9773-20d3294dcbb0,MoDo,114,complete,141,116,116,0,0
c84f9dbb-69e3-4d31-a283-21516bfe9a3d,Cliqq,115,complete,245,236,236,0,0
559a164d-93d6-4197-a902-f9cd92ee65ff,ketsuo,116,complete,161,144,144,0,0
7ea66ae5-c99f-4846-8fc2-cd6e03a5559f,kurosa,117,complete,176,158,158,0,0
b6daa950-11e5-4f51-b58e-b4e01e112500,sirah,118,complete,57,45,45,0,0
64696280-3883-4ef0-ad27-4b5748dd0985,ICY--,119,complete,213,209,209,0,0
55c8eb63-6051-4e71-a95a-711a47b5cef0,Beccie,120,complete,161,153,153,0,0
60aa5adc-ce7d-488c-a52b-20d69663177f,bleedmagneto,121,complete_with_missing,268,200,199,1,1
74f9240e-fe24-4aac-aa37-53b2b5e804d8,-Staehr-,122,complete_with_missing,70,68,67,1,1
21046047-4026-4689-8f01-dc5d6588f120,halfjix,123,complete,211,131,131,0,0
39056d07-cdc5-4613-906d-e900a1f781a2,-xTRAVIS,124,complete,168,119,119,0,0
790ce1ad-38e3-4a45-b44a-5d33658102e6,qw1nk1,125,complete,68,52,52,0,0
cd6867e2-cc11-4456-a649-ca87609f56eb,bodygu4rdd,126,complete,185,144,144,0,0
4d6756dc-387a-499c-89ad-d7bc558c4c95,bobeksde,127,complete,202,198,198,0,0
414273a0-38f0-4680-9f85-204aa8649c3a,premtroll,128,complete,123,80,80,0,0
3f6dc8a5-1881-4955-b78c-573f57f3646f,h21f,129,complete,150,101,101,0,0
3af5d1af-75db-4cc2-aa8b-76b1f1b76af8,xEternaLxx,130,complete,151,113,113,0,0
c71b99ef-1147-4529-b0df-ebe1d743c04b,amaterasu27,131,complete,184,171,171,0,0
4af7ce32-5534-4bca-9a8e-1d3b3ecb9585,Netrix,132,complete,181,147,147,0,0
74331d2e-c318-43aa-9b4d-106b209412ac,91914,133,complete,153,139,139,0,0
f67e6116-a332-4414-be60-fb4cc06da41c,11chigiri,134,complete,433,348,348,0,0
ab74ab79-36ce-4c44-a09d-453006dcf9e1,awks,135,complete,537,495,495,0,0
0c938952-475b-4689-ad04-60100e76ef81,r1pa4-,136,complete,199,135,135,0,0
be2af9a3-ef6d-428c-b8f4-6921d6275638,wetfy,137,complete,84,77,77,0,0
826a8c4b-9b0f-403e-8bc8-11295ff894ff,28ddeiv,138,complete,115,106,106,0,0
33268a14-c768-41f4-819e-cec913a99b82,seberya,139,complete,178,163,163,0,0
36f96e7b-6bf3-48b1-8f1a-cd35aee83702,sSen,140,complete,72,37,37,0,0
d9168434-7466-43ed-9a8c-f883d953d77d,SnexLy,141,complete,136,136,136,0,0
ee99d9a7-d14b-4642-9731-0890b63be81e,1suzu,142,complete,211,181,181,0,0
bae31a43-7767-4d7a-be80-429992f78ec0,cronuss,143,complete,240,200,200,0,0
e326eb2d-4e3e-4ebe-a34d-4a07def33893,adamS,144,complete,144,116,116,0,0
f858b6d9-5717-4335-8d4d-166a9fc305bc,Mride,145,complete,214,189,189,0,0
591e26a3-eb86-4d4c-afa8-b5754455dc03,w0nderful,146,complete,71,71,71,0,0
b0f7ff0c-5051-4826-9dd4-b7e0219de821,fakerealityy,147,complete,222,201,201,0,0
7a51f50f-6fdd-4fe8-9c30-455cd3b8d694,yasxozhysyma,148,complete,131,106,106,0,0
5ffc6439-29f3-47a6-aebb-f73ef591827c,soerrr,149,complete,182,143,143,0,0
4c3a4a59-0cdb-4477-b90b-1109a1d0cf13,BOROS,150,complete,328,309,309,0,0
df5ba290-c6a6-4481-8e9e-d16ceb4dbc6b,KaiR0N-993,151,complete,75,60,60,0,0
793ea9e5-fef6-4571-9b30-7c5d9f323215,darui,152,complete,182,124,124,0,0
a99dd5a7-45a6-4019-8bc6-0f30fd554ef5,aidKiT,153,complete,63,56,56,0,1
0965c421-4957-4e48-86e2-2c3966abae3f,cairne-,154,complete,108,92,92,0,0
4cabcf3b-8baa-4c71-a1d3-cf98d581e971,Toshiikk,155,complete,286,229,229,0,0
cb0cc456-8ae0-438f-bf8b-4e000e4e0476,s4rsen-,156,complete,336,320,320,0,0
24636d00-25cc-4ab7-9cbd-67c633c08d0c,topo-,157,complete,46,21,21,0,0
d15e9f85-12c3-4ad9-a174-6d0248d6393d,Nosik,158,complete,152,111,111,0,0
c41561a6-a5f4-459c-8a5c-bde5f8eac911,Muk0s,159,complete,170,147,147,0,0
8b3dcf0e-1a09-409e-b4a9-51002dc2079f,WaSdyy,160,complete,302,255,255,0,0
d700efb0-363a-468d-88cd-f22c3567bcd6,rose88,161,complete,279,268,268,0,0
67345c91-57b6-42dc-b49c-330b091da3a6,chronic111,162,complete_with_missing,212,179,178,1,1
08eb0b0f-b360-4b61-94ad-c949afd665ea,Krimbo,163,complete,76,70,70,0,0
ae6f1503-1de9-4b9b-9a29-f1b9de916870,jabbi,164,complete_with_missing,51,51,50,1,1
43857419-1f5a-4b9d-aba7-011092133de3,KENNY-_,165,complete,226,155,155,0,0
5e18dd12-2e40-48c4-a66f-886108f095ed,HeavyGod,166,complete,84,81,81,0,0
4c27b599-0a56-4f3e-80cb-6ef83b6df2cf,Slaxx-,167,complete,100,95,95,0,0
f3fef601-52ca-4bd2-8ec6-9e9f532a6c6b,nikusharain,168,complete,404,402,402,0,0
c519d8f3-0c93-4476-af3e-38395ee7c297,teses,169,complete,89,86,86,0,0
a699663a-e65d-4c93-9a92-fd5a91955cc4,cadnyx,170,complete,121,101,101,0,0
078ff0df-ebb9-4352-b7ee-dc2044dd676f,-finW,171,complete,103,66,66,0,0
84f4489d-e23e-4a8a-b3c5-dccf57610195,-rim3,172,complete,114,94,94,0,0
6dc1d190-e2e0-4762-9fbe-5f3d40ea1522,Br4tkO,173,complete,221,211,211,0,0
b030ed65-9170-4668-9bfa-ac6c2e53954c,St0m4k,174,complete,115,106,106,0,0
36577e6e-2c58-4812-bc6a-6b110ce00e56,nesh66,175,complete,520,505,505,0,0
bc74e768-9ee4-4472-bb10-6280b47fb94b,mak1se,176,complete,49,49,49,0,0
d5fa1a5b-9fde-4996-bd1e-bab0aa9bb0d2,ryu777,177,complete,87,84,84,0,0
8d345deb-661c-4286-b663-96679d9bcda7,DEBABA,178,complete,243,186,186,0,0
41867c48-0982-4608-af44-d9749c2b5b6a,MoNaTy,179,complete,115,96,96,0,0
1e1d8f20-c572-4e53-bf37-4590a5512687,--DeDe,180,complete,353,282,282,0,0
2e65b3ea-fdb0-466c-9aca-89e170c67b61,depact,181,complete_with_missing,383,352,351,1,1
ab2bf7fd-7997-4a7a-9c94-6b7d52ffd200,yxngstxr,182,complete,209,172,172,0,0
5be133c1-38b6-4dde-9107-b64c7458452e,notineki,183,complete,228,222,222,0,0
a258abc5-326b-4824-a9ad-b3fa2855b712,kalymbs1,184,complete,135,105,105,0,0
02b26fe9-49d1-47e7-afa0-1b5c562ca4e2,KatzRead,185,complete,262,231,231,0,0
194afbb1-cb96-4fc8-8bd6-5f932b3fcfa3,susp,186,complete,78,70,70,0,0
95adb33f-5e6f-4c6d-be25-f2e8b1d9c628,Amarogo,187,complete,102,86,86,0,0
32c49d7e-20fc-4fb5-a54a-c99f90262311,emiIio-,188,complete,298,256,256,0,0
2060bf4b-cf44-41ad-92ca-2492bc95f88d,2016wasfun,189,complete,378,363,363,0,0
504ca567-8911-45dd-a680-a617dff2c00c,swetsi_1win,190,complete,240,210,210,0,0
b27101a3-c6e1-44c8-b83d-19dab54cb7ac,sl3nd-,191,complete,109,97,97,0,0
472386e2-8e2b-43ab-bd00-5ea49d71d33b,7MusorDrop67,192,complete,191,150,150,0,0
931f1364-a519-43c6-ab02-a73e8416481a,Saax_,193,complete_with_missing,371,334,333,1,1
967b6309-c289-4900-8459-0e33ce488b1c,L00m1,194,complete,82,65,65,0,0
b8c3743e-a4c3-4168-ad0f-348a37a77a72,GrandLove,195,complete,372,344,344,0,0
dfc49048-07fd-4d4e-825d-f2d7f155c4bb,somehxw,196,complete,310,224,224,0,0
3e7ed0d7-2105-4d2d-929a-f6befe6d8cc0,ayalkasi,197,complete_with_missing,150,147,146,1,1
18911949-a23d-4b42-bd0b-7a970b51824c,frozen_-,198,complete,81,81,81,0,0
720fc287-1f03-46ff-a6e2-4c9bede77262,-yummy,199,complete,274,205,205,0,0
964410bb-394d-4633-87fd-501ec0fbb914,ritchiE,200,complete,84,69,69,0,0
6ac4baef-7bbb-4bc5-9f2b-aa95176bd8ab,YEKINDAR_,201,complete,178,178,178,0,0
78407773-ed65-456a-a507-ca50cbd78e17,SEMSY,202,complete,194,183,183,0,0
4e841b14-b668-476d-b7db-774f68aa4ed4,Patsi-,203,complete,158,138,138,0,0
b58c8c5c-41da-4388-9864-0f3f72ca13db,datet-_-,204,complete,141,136,136,0,0
86383974-b132-48a2-a66f-cf9d3a3d68fd,tENZY,205,complete,60,55,55,0,0
075ed300-7ed3-4377-88ba-9572f9ea8e3d,n0rb3r7,206,complete,65,40,40,0,0
a8570791-3e92-4b4d-9e45-8c2f8da95fb6,kwaren11,207,complete,341,306,306,0,0
21ee0d80-64f6-4277-80b9-c734d92a2880,torzsi,208,complete,81,77,77,0,0
4c5c2a03-15b4-48e1-8791-d54d6a2b3668,Altekz,209,complete,148,137,137,0,0
254dbfc8-0e3d-4e8b-95a4-88e19fec565a,jekuya,210,complete,201,163,163,0,0
d682a62e-43f5-49be-b8c9-de923adcf564,SunPayus,211,complete,109,106,106,0,0
6a5abce7-952f-4434-9db5-160392ec356d,miwo,212,complete,211,163,163,0,0
ebc37641-39d0-4692-bde6-c7a11ac1e90e,mara5m,213,complete,149,117,117,0,0
13222ab8-3b38-4beb-993f-a585df257ea3,EgorK,214,complete,353,341,341,0,0
9aad1747-b65d-4a0f-9a14-2ef947fe92b5,Sowalio,215,complete,172,155,155,0,0
520ada08-ad17-4b3b-a373-8c8534154e2a,TOKYOPEEK,216,complete,348,313,313,0,0
6b692694-71cf-4a80-ae97-57c3f2f7425c,blissfuIperc,217,complete,301,255,255,0,0
43febbb3-7f82-47c0-88fa-e2f122d5f20e,Rex1111,218,complete,223,206,206,0,0
1ad1b7ff-b644-4431-9ac4-a5cf09855910,1ader,219,complete,277,253,253,0,0
f1174c0a-fa42-4a2f-8160-b870b8879ef5,KOT_XAMEP,220,complete,233,165,165,0,0
656ffaa4-415b-4896-8a19-931366de23c8,ich1zoku,221,complete,226,225,225,0,0
3939bd47-6a42-43f0-936c-eb53bc5f16e5,kaioriii,222,complete,230,187,187,0,0
fb2e77e7-ec1d-40fa-83a1-c01646167651,Z1W0W666,223,complete,95,68,68,0,0
c39663f6-8e91-483c-8319-503449563713,Lewis,224,complete,158,129,129,0,0
32cf4622-150d-4362-83d5-de543ed16262,regele,225,complete,442,436,436,0,0
8e59e230-0935-4309-b335-a16211617ed7,SBolt-,226,complete,237,189,189,0,0
88cb74cd-d98e-408c-85c2-b39e55004658,billz,227,complete,253,244,244,0,0
220685cd-1a18-4402-a9a9-ac240313cabd,xeedo,228,complete,95,81,81,0,0
4c2a6018-4aaf-4294-8449-777ccfad144b,goddrain,229,complete,293,276,276,0,0
b87eadad-7829-4f17-a85a-281ff569829a,ForesterONE,230,complete,47,27,27,0,0
6db5e566-77ae-4c30-852d-4fa54c4445aa,Alv68,231,complete,22,22,22,0,0
a4c4fb77-1996-47bd-b5e1-c14d86cf9997,444rainy,232,complete,137,121,121,0,0
9e36e2b1-c0e0-4d77-a442-d5947ec19225,bajmano,233,complete,267,247,247,0,0
892ca5ae-5720-4d5d-8a98-33dc117041aa,narkoman812,234,complete,286,234,234,0,0
34aaf94c-d15a-4a1b-977d-82810a025407,tommy10,235,complete,173,166,166,0,0
98f1d2a1-6302-4d93-bf38-cc25f6b25256,gr1ks,236,complete,103,94,94,0,0
f3f50c96-9d1b-4642-9074-477a07e54507,-khaN,237,complete,78,63,63,0,0
522ecdd7-5fe2-4bd5-9806-4c015b9a1f8a,dwushka,238,complete,50,23,23,0,0
fd16a07c-5735-4148-8859-3369feb41275,stefienson,239,complete,269,188,188,0,0
507c6778-89e2-45cc-8f8f-cf04615df6c8,Frip,240,complete,223,197,197,0,0
0b2a4c62-2071-4582-be3e-50fbe6f53544,Eldarqwe-,241,complete,190,179,179,0,0
6dce33f7-ba07-401a-bfe7-af51cc597a76,Woro2k,242,complete,386,347,347,0,0
3429651a-5020-4d07-85ef-34049adff713,starmie666,243,complete,141,77,77,0,0
c44f1259-0651-4942-8543-af0f03e62ac5,SELLTER,244,complete,82,72,72,0,0
2a82893f-3a7e-4458-9141-0b19673fa049,kashl1d,245,complete,47,33,33,0,0
c85a67d7-2635-42c3-991b-4c1f0b93c5cb,999_,246,complete,89,65,65,0,0
9cafe8f3-0b6b-4802-9cbb-806b5b751517,Enfeebled17,247,complete,191,170,170,0,0
6d8adf92-798f-414c-9d29-2896ceb5ad72,smooya,248,complete,165,146,146,0,0
eba3dd73-7d26-46ad-b766-85c5ae0d9273,hyp3else66,249,complete,170,132,132,0,0
bae30b49-8c07-4f3e-922e-fa23b7ac0953,rafaxF-,250,complete,240,210,210,0,0
c90b35e3-defd-41b1-b29d-d9cf1c46fc32,azukay367,251,complete,497,453,453,0,0
1e8bd26b-d7f9-4fbf-bed2-d12ed800eee2,Smaley,252,complete,331,312,312,0,0
52829e07-aa5c-42af-b8a1-e4fe6247cd48,Skrimo,253,complete,107,84,84,0,0
ddd3c081-0602-4e45-bb4f-d5c5e00b65c3,cPuTu,254,complete,261,244,244,0,0
28da77e2-bcfd-4458-a91d-e4d59a1f38be,nopzy,255,complete,164,122,122,0,0
e64b6d73-6313-4527-b313-a852e6368cf2,redCS-,256,complete,192,185,185,0,0
dce1d644-6bf1-449a-85ff-6b399e4269dc,Botpa1,257,complete,84,63,63,0,0
a387ff16-4062-4f6c-a1f6-c65650ff993e,-Kiyotakaaa,258,complete,263,215,215,0,0
13d0fd67-997f-4255-9f25-a410b4fad2d0,stratefIy,259,complete,235,217,217,0,0
a6ad9a5b-6575-447f-8f67-346bb4033189,dep999,260,complete,201,140,140,0,0
1d92f104-8d0a-4866-bb6e-5c11196bfca6,MusorDropXD,261,complete,191,96,96,0,0
7def4124-36c7-4035-acb5-427ffa531be3,Dawy,262,complete,76,63,63,0,0
c5cb1b85-4421-4436-9390-49fa05ce45e3,-Kaide,263,complete,92,55,55,0,0
a4a6fdca-b125-4d3b-8d35-3ad098b6a1fe,KursySSJ4,264,complete,89,64,64,0,0
14015a66-b368-4b90-994d-bcf6fa504f44,--_-_--_---_,265,complete,112,108,108,0,0
0bf80a9b-cead-4a3e-a245-ca145dc2ab3c,-0scar,266,complete,248,243,243,0,0
05dd1de4-82dd-4b55-be77-c30c4551d0d6,gothdespair,267,complete,189,141,141,0,0
04ab709e-2f70-4651-8e0c-c7bffd037a07,shantarO,268,complete,162,152,152,0,0
3dad5d84-2a16-4044-8a27-d473f0f6e353,herkulesz,269,complete,175,144,144,0,0
d5ff6f9f-c95d-4f7d-93b7-d9ba0cb19dab,Aliot,270,complete,182,170,170,0,0
bd70d269-6c10-4140-b03b-8e09fdf9ca35,fedko14,271,complete,167,164,164,0,0
8edcd93a-e63f-45ea-8c77-bf9aa1820a47,shg-,272,complete,126,111,111,0,0
b9dbab41-8e55-497a-b311-bb0514777fd7,ves111,273,complete,583,564,564,0,0
326a3d6a-13ca-40b3-a56d-a47c27b6f2af,gehji,274,complete,158,115,115,0,0
e5c779f9-eaf5-4113-b095-e284d1e44748,X345,275,complete,338,300,300,0,0
d428b36e-7c8a-4510-8262-9cda26a3ff85,-qw1zera,276,complete,305,287,287,0,0
f3988f23-6685-41a8-91c6-f336b98c5195,z0nger,277,complete,173,120,120,0,0
eb4f52d2-5b8f-4401-8c72-138c995358d4,-tasman,278,complete,170,165,165,0,0
e1bcffdd-7eeb-4744-b8d6-a582dcfb1670,Krad,279,complete,51,44,44,0,0
5ce742a9-a319-4e89-8164-4f4ca528c4cc,wh1teout,280,complete,157,143,143,0,0
40846b8f-7a3f-4f9f-af8b-85d118c2774a,myltsi,281,complete,123,105,105,0,0
4d1d7bb1-64b7-4e34-97e7-6ee7bba48259,-relaxbtw-,282,complete,189,163,163,0,0
daf44626-2073-4878-b7fd-4776b8a2c93b,Pelle-,283,complete,199,199,199,0,0
dddfd33a-cc0c-483c-b2c4-950de24e0c1c,z0t,284,complete,207,201,201,0,0
7c6afa87-48a4-4e7c-a5d4-33d4d48c603f,0MusorDrop,285,complete,479,460,460,0,0
08a4aed5-fb8a-402a-8119-ae428666c195,aimy,286,complete,98,93,93,0,0
209c88dc-d2e5-4dfd-a7b9-38900bb10a61,dod02k-,287,complete,183,162,162,0,0
dc49b288-2a75-485a-91b1-ee81ce2f25de,dziugss,288,complete,97,94,94,0,0
b255e1b5-0b6b-4c57-a7ce-ad53b5521d33,CoCuCbKu,289,complete_with_missing,342,333,332,1,1
6f01bc34-897d-43d5-9b43-c6e49e408dd5,Twist,290,complete,74,74,74,0,0
024d5042-e159-416f-bf84-cf69b8d5ac03,oopee,291,complete,82,52,52,0,0
b63c3037-b9f3-471e-9065-5e33ebc28b6e,s1reN7,292,complete,46,46,46,0,0
06b0f344-d2e8-4951-ab93-23e9470ce95e,REDS7AR,293,complete,97,72,72,0,0
322dfefd-d0aa-4e24-a4ce-509e4c5ed28a,toshas-,294,complete_with_missing,168,111,110,1,1
fddc57f3-b5f8-4e63-99e7-b1fa798e849e,pavlebo,295,complete,88,85,85,0,0
b00eff15-ebaf-4805-aa15-b33bc18406b7,YUR0KY,296,complete,241,229,229,0,0
9d4d4f31-8168-4894-8574-0d6b9458fb8c,77nightlovel,297,complete,198,190,190,0,0
1ba6cea9-0e2d-4f6e-b1cc-0f93cf9d2dcd,KEiiiii,298,complete,147,124,124,0,0
41acaa8c-cc55-4dca-a85d-897af2c1f275,k99y,299,complete,180,141,141,0,0
3ad4eec5-fc86-438a-9730-e5d092821180,redzedsei,300,complete,195,184,184,0,0
159069e0-7e7c-4e3e-989e-d9f723689e3a,-Dis1-,301,complete,155,111,111,0,0
086df609-d086-4b83-9474-4347714e1f76,Fessor,302,complete,119,84,84,0,0
3fa04793-fb47-46ee-be6f-c44cacd77099,h0sster,303,complete,155,136,136,0,0
de8546e3-f76c-4118-8671-2f0bed373ff4,Porya-,304,complete,130,94,94,0,0
9132c4ea-8c7f-4865-a55c-9d20aa2efe89,ronkyeee,305,complete,239,231,231,0,0
f7ade297-4f13-4e91-b103-cacdfc3e5ba5,VLDN,306,complete,30,29,29,0,0
48623ecb-e657-4292-8aa6-9389b4701b10,s1zzi,307,complete,219,218,218,0,0
c14998db-c745-4904-8316-429d46510e49,NonAmEeEeR,308,complete,211,206,206,0,0
0b71822e-4e5a-4c96-9b2c-be44ff7f7e86,DrammaGod,309,complete,50,39,39,0,0
1a5c4cff-75d4-489f-91a2-970af1eda8eb,Sobol,310,complete,128,82,82,0,0
d0bad1c0-551e-40cb-8535-137ea7104ff6,Zerk1s-,311,complete,609,597,597,0,0
9b9ee020-9f73-4a4b-a68f-f6132bfb0377,Caleyy,312,complete,231,225,225,0,0
f0f989d2-bbeb-4bdf-bb3e-9a92b9039c27,w1sely,313,complete,117,109,109,0,0
c4bf8035-0124-44bb-974b-2860cb41ab5a,aparcik,314,complete,263,225,225,0,0
74407bd7-b090-4cd9-8797-c4e3af17ae50,turcinskis,315,complete,279,272,272,0,0
a7d9d607-a5ac-4aa1-ae41-4834085715c2,f0lkfan111,316,complete,95,83,83,0,0
9d76e440-f676-4ad0-a04a-a8c87f7c21fb,arbnorz-,317,complete,177,177,177,0,0
92224fbc-fb31-4362-850b-735a0c1d6c8a,kidofpain,318,complete,199,153,153,0,0
fbb6f5b8-c8ce-415d-b29f-374d6b543716,MrTrelog,319,complete,257,211,211,0,0
83270bc6-74aa-4ca3-942b-f28a3d704b6d,OneUn1que,320,complete,203,173,173,0,0
fddf0596-7573-4792-8012-79966c93689e,Licale,321,complete,184,184,184,0,0
975adbfb-f21e-4b09-92a4-704ab60c8542,ulqu1ora,322,complete,215,156,156,0,0
bdf798c9-0041-4a81-b581-28c52fede922,chedzik,323,complete,160,147,147,0,0
798302b0-e3b3-40e7-b051-95c43766dabb,PhoeniXLUV,324,complete,152,118,118,0,0
5c60c1c4-653a-478d-90a4-441d1436a28e,-k0s,325,complete,82,53,53,0,0
e76908f9-d95c-4022-b419-786ad4cb8d4e,torox,326,complete,259,257,257,0,0
37a13cea-9f8b-45d3-9886-40faf2506d69,m1QUSE272,327,complete,83,64,64,0,0
2f215405-df5f-4348-8b16-d07bb82b8f66,lockstocky,328,complete,445,397,397,0,0
25694913-c7e9-4a6f-9279-8fb932b04a4c,EBLANKANKA67,329,complete,383,376,376,0,0
0c482002-4ad9-4eb7-bbf4-c36f786cdbd8,ms2180,330,complete,223,162,162,0,0
42afba06-399e-4c2d-aaff-77595526ad70,cmtry64,331,complete,134,134,134,0,0
3b6a98b3-fd37-42ec-9d14-3ca58a1e54ef,sh4shlick,332,complete_with_missing,174,174,173,1,1
e6970427-7853-42d5-960a-3b125aa3fe98,xseveN,333,complete,91,85,85,0,0
0be6bdd3-7448-4711-84d6-79cfbbe86f71,musordrop983,334,complete,493,474,474,0,1
6d612c68-1dd3-427a-bf4c-e5e8029c4450,mASKEDo,335,complete,320,265,265,0,0
dd00574a-37b8-4c5e-87fa-b0569f624546,tamefear,336,complete,220,190,190,0,1
8fc05816-4e4c-4df0-b6ab-4059965f95a5,feat-,337,complete,90,88,88,0,0
1efdfeb4-7237-4a34-837a-9b4657295a48,svemyy,338,complete,100,62,62,0,0
2fd44fff-097a-44ca-9bf2-6badf3282398,Muciek,339,complete,150,136,136,0,0
dafc9a8d-9a0b-47c3-a703-e0919211b635,L0fer,340,complete,407,385,385,0,0
400661b5-8cc7-4c40-9dcc-d1695b2047f6,Jisoo,341,complete,272,264,264,0,0
36b19d20-ddac-466d-9868-b73f0212c3ad,BRIAN-_-HIZZ,342,complete,236,213,213,0,0
c0216481-6d6f-4a69-b480-e1f3c4f0c36a,LECY89,343,complete,70,24,24,0,0
1983b3f0-bd89-4fe6-a110-42664904443a,w4rdeN-,344,complete,171,168,168,0,0
5e91d235-cef6-42c6-9b86-35560cc19e57,deeN--,345,complete,111,52,52,0,0
4527302e-9120-4a42-a465-5e383580386c,kobz0n,346,complete,187,143,143,0,0
242f97b1-a39e-40e5-aca0-153d7a76828f,saizius,347,complete,245,223,223,0,0
9866bf07-6fc9-47b0-966e-e4302ecc93fb,rv1den,348,complete,199,157,157,0,0
7c38b5ca-b385-4cf2-942b-d7252521d266,ne1l,349,complete_with_missing,128,123,122,1,1
a8efc434-5950-4621-8b51-72538fe6347d,dazzy-,350,complete,68,45,45,0,0
9b79818c-8be6-40cc-b090-b92878f5baac,5swiz,351,complete,273,249,249,0,0
58f68286-29eb-4108-97e5-2d8d96c65e05,mezii--,352,complete,25,25,25,0,0
dfa35d4d-f284-4ad2-9a7d-c3f0468b1e69,wignfan,353,complete,320,295,295,0,0
a3e05af2-cb94-4de5-b56c-e5b30bde9f0c,S3NSEYZjE,354,complete,221,216,216,0,0
5d834b85-5d4f-441a-a0e2-a88713818bc8,ottob,355,complete,110,94,94,0,0
3e96ad48-d280-40fe-b432-743bc6166e6a,bibu_,356,complete,105,83,83,0,0
2fe13779-4813-4886-975b-a23d66c22b50,rec1se,357,complete,209,182,182,0,0
6111a58f-ec43-4a35-ac5f-6a27d4a8442d,kade0,358,complete,63,38,38,0,0
08d5e3fa-ef86-447a-a441-7d61c106305c,nukkye,359,complete,153,136,136,0,0
88aba0ad-9f4f-43f8-8691-78bd5935bb26,MAJ1X,360,complete,66,66,66,0,0
75b7d8c4-e346-492c-adef-a91fffeb3886,z1k4-,361,complete,131,110,110,0,0
1050ef15-3e72-45b8-a255-ba1c69f9ae03,karass28,362,complete,384,327,327,0,0
b5ad53bf-7ef2-4e7f-b902-2218997c60f0,KATLEDICI7,363,complete,434,388,388,0,0
6b52e429-611a-4cff-a329-79640d71dcf9,serrakura111,364,complete,99,88,88,0,0
d4241a7e-40ed-428c-824b-186191cc1186,kkx-,365,complete,223,212,212,0,0
b0e6d782-b60b-464b-b825-0551219d184c,Botman,366,complete,107,106,106,0,0
43edb54f-28ed-41fb-9996-c53c1602b32a,taouser,367,complete,132,72,72,0,0
bf53ac48-b4ac-4b17-9174-4018772ad411,Griller1221,368,complete,173,155,155,0,0
6051a477-a1fb-410a-bca9-5eb8e848a515,grekuwu,369,complete,120,120,120,0,0
32181c2b-b743-4bcd-abd1-1a76378beacf,zs0lt1-,370,complete,230,206,206,0,0
35c42621-9863-49d8-a9d3-98cd2ebd3695,Sdaim,371,complete_with_missing,99,89,88,1,1
23b6ffbb-86ec-47ab-acaa-9c76bed0af66,jL-,372,complete,146,134,134,0,0
abe4d53f-ed16-49fc-8d86-3d1abac2d5ef,yanni-_-,373,complete_with_missing,275,271,270,1,1
9dd05297-26eb-4cb4-a2e2-544b242f0a08,DAN9ARMATURA,374,complete,190,175,175,0,0
0cf9c7b8-2003-404d-97d4-fa9b5fae1878,Jimpphat,375,complete,51,51,51,0,0
a6b1e85a-0d17-4fa3-9c08-900211bf7692,mattloo,376,complete,150,71,71,0,0
c328112e-d19e-4dc2-b0d9-e95372a362e7,Hrdina1452,377,complete,139,128,128,0,0
6f65cd76-e51e-480e-b0f4-d8ca78c3ec63,VILBy,378,complete,105,76,76,0,0
40ca7ec3-ca11-4e1b-a3b3-3989c1aaf13f,baz,379,complete,161,152,152,0,0
08b00737-a7bf-46c2-b501-052c101f3e6e,siz-,380,complete,124,120,120,0,0
a86a13ca-a850-4e31-9e46-76026f25a8df,flawly,381,complete,170,124,124,0,0
95371621-2dc2-4ae2-8633-e70c1f754d25,kiy0o,382,complete,180,162,162,0,0
fa304d5e-0d2e-4b7c-a802-a9ee2989d6d7,musordrop01R,383,complete,429,395,395,0,0
e15c799e-2f9b-42fb-9233-db6908126b26,LunaticYF,384,complete,308,287,287,0,0
57d0ffa1-44d3-4271-9360-f09bfb7e3466,Ayri21,385,complete,180,129,129,0,0
ba3282ae-21a1-4a9d-a2e4-e579a67f2472,ToM223,386,complete,170,134,134,0,0
99726d5a-04d8-4b74-a12d-b5e012ae745c,anttzz,387,complete,532,435,435,0,0
803bd4ab-3891-4686-8301-aea69a426477,PsychoDoctor,388,complete,93,79,79,0,0
7dfc0c4c-28a0-4126-8b97-349ba09bc314,neptun59,389,complete_with_missing,113,110,109,1,1
3bd30889-be3f-49cf-817f-1399c887f2d9,zeRRoFIX,390,complete,94,81,81,0,0
651597b1-03b4-4c74-8848-dd688599cffa,sk1tt,391,complete,126,86,86,0,0
bffdd912-57c0-4c48-9735-3d36059236b3,SatoruGojo_,392,complete,338,318,318,0,0
9b9355f1-870d-4d85-bb37-9b71d591d779,608-,393,complete,218,213,213,0,0
79df73cc-00b8-40c2-9089-d20e81b91614,Nivera-,394,complete,155,129,129,0,0
e5806414-a8b4-4f7e-b13d-e16066e3984a,suisha,395,complete,186,151,151,0,0
675b5450-f00f-4009-92b8-10d17524959a,Proinya,396,complete,117,76,76,0,0
a9147ac0-cd1b-4ab8-a634-a3562d29dc13,W0nderL4nd,397,complete,151,132,132,0,0
41e80191-23a9-40af-a3f5-b0452d31b7a5,xm1nd337,398,complete,184,159,159,0,0
381f4aa9-921e-498b-8548-af3a61a95f45,fall1ngxd,399,complete,414,375,375,0,0
0bd8a37f-2bf9-4a2a-8c4d-4ec60249c758,Kovvat,400,complete,319,293,293,0,0
a5f7f49b-13f4-406b-9868-99503a228d4c,Myggis,401,complete,276,257,257,0,0
96675589-94d3-4a3f-942e-75e876c5407d,amanek,402,complete,337,297,297,0,0
8f97a4ca-0315-4386-a97d-4ec6b74a432a,F0R3VER-,403,complete,102,93,93,0,0
3c1ca83f-5c0b-48c9-9efb-86e02999bad4,CoolezW,404,complete,106,75,75,0,0
f77f8060-0918-4c9c-84eb-4b871a0d0430,Farab1,405,complete,413,395,395,0,0
f317884c-2d70-4cb9-8f03-418064e114ed,markovich666,406,complete,234,182,182,0,0
cd355df3-21b0-4677-8e79-6d823aa6ebac,takanashi,407,complete,225,202,202,0,0
a421bf0b-db37-4194-8d57-59aa2cab64a0,NaYz,408,complete,79,62,62,0,0
14bf6f49-e335-4cca-b270-2bff1bc95485,whisperr23,409,complete,140,93,93,0,0
f0d7de73-a6e4-4fd8-961e-d4f5f283e931,kenjezz,410,complete,188,171,171,0,0
e5b77795-ddbc-418b-a72a-e8e8e2787d54,eNs,411,complete,46,32,32,0,0
917a60fe-0a2f-4cf8-b93e-8d8242e2aa87,Bl4zE333,412,complete,281,267,267,0,0
7b6558ed-94e8-4344-a805-788cb226d03e,oz1k,413,complete,114,81,81,0,0
31a278ea-2af3-4101-baad-2bff533b5c01,Blytz_,414,complete,40,32,32,0,0
13a07227-30a0-4590-9b66-e8e5841b7a8b,H4SAN4TOR,415,complete_with_missing,147,123,122,1,1
0afea8e8-c7e2-4ad7-a20e-ec4ba4ce80ff,3BL0S7R3L,416,complete,398,372,372,0,0
b65ca382-cb8c-42a2-aeb7-822fb72cb9a7,iffo,417,complete,120,105,105,0,0
685163c9-a0d4-41b9-8373-d0d2f26ab42b,kL1o,418,complete,75,36,36,0,0
1ace868a-d60c-46b8-a61e-f51d40d0305b,lilpeepfan-,419,complete,78,77,77,0,0
6e9625a5-9d91-4b07-9858-0042f5a53f6a,paz-,420,complete,124,117,117,0,0
f34926cc-3857-4d91-bc5a-316ec071263a,djgor1lla,421,complete,515,493,493,0,0
f2e856bd-3ee0-4c05-85da-0f26ecdfcd69,Jhniewolkjer,422,complete,172,168,168,0,0
cd978277-44fe-46ef-85e9-c916be624bee,Maiser,423,complete,216,215,215,0,0
8dd252bc-7bed-4b80-a8af-08292429f90c,shaiK,424,complete,47,41,41,0,0
01b56a15-1e5d-43ea-9173-8d2b812bc1c6,strixxxzz,425,complete_with_missing,231,214,213,1,1
92e63ac2-a228-4a2c-8db5-93e4a0b35e6f,SILNYI4EL,426,complete,256,236,236,0,0
80396ca7-9e6b-440d-bea6-99c20a78758c,MadLife516,427,complete,269,233,233,0,0
53771794-0678-4e00-b12b-605404c711f0,icntflmfce,428,complete,84,58,58,0,0
43cddbf7-48c8-402d-8ab5-2d7b35c519c2,Tired5,429,complete,234,226,226,0,0
f054b0fb-9841-45b9-b832-d3d38f3c948e,iNSANE-0_o,430,complete,257,245,245,0,0
6a8c42f1-b66d-49d3-a89a-d0fd7c11d544,CHANKY-,431,complete_with_missing,72,60,59,1,1
0e5e5804-66dc-47fc-abf8-78fbabb2e486,x1nk1n,432,complete,148,128,128,0,0
fddec513-3b2c-46c2-8223-5baf9d7c44e1,qw3zy,433,complete,148,96,96,0,0
7755ecad-986d-418d-932e-2250132bee75,newnickname7,434,complete,206,195,195,0,0
4396868f-64f7-4847-8443-4703685a0aef,hitori,435,complete,131,87,87,0,0
1606bc69-b662-43ff-a5a6-cb3667b1175f,qw1ck,436,complete,558,532,532,0,0
f20f58ba-b7f6-455e-9267-5700584798a7,resqz,437,complete,178,159,159,0,0
c1302426-7b94-464e-8074-934bd584a311,latayo,438,complete,498,480,480,0,0
47444e4a-3a2e-4952-a6d8-eb535f3f9c82,Something,439,complete,161,144,144,0,0
bea77fb4-1e11-43bf-aae7-1ce463bc0a21,nukleos143,440,complete,260,221,221,0,0
5d950322-1f67-41fe-a8d7-3831ef236504,xz4yrix_-,441,complete,220,215,215,0,0
b88c11ce-6c1c-4caf-826c-a3781f5ef95f,r3td,442,complete_with_missing,439,431,430,1,1
a890369c-f360-430b-bb2b-07320647239f,Sami,443,complete,127,113,113,0,0
41e2d7e1-a224-46b4-8565-cc04e4a9d1ea,crazed-_-,444,complete_with_missing,104,78,77,1,1
37032643-d56f-417e-b165-f058646f8076,wakash1ma666,445,complete,240,210,210,0,0
63bbf570-f8f3-4502-9c27-4b2d767bfeb8,newt,446,complete,144,100,100,0,0
5b8d259e-503e-4afe-b621-0dc202d46e43,Buzz,447,complete,90,90,90,0,0
ec933b68-6007-408c-818d-10cc284b6838,-mortal666,448,complete,268,252,252,0,0
1e004a7b-a857-49ed-ad46-a3f8549d5b7e,Jaex-,449,complete,142,119,119,0,0
ea125fed-a8af-4d17-91b9-4e05dc51a0ba,shalfey111,450,complete,95,80,80,0,0
c03e59a1-785d-4821-8300-e84d2a30a99c,fez,451,complete,53,51,51,0,0
888098d7-ca11-498a-9d76-aa9bc8636708,-Aldikon,452,complete,49,28,28,0,0
9af7e56b-2661-4235-a853-788f9d07d7c5,safraleine33,453,complete,312,297,297,0,0
1fc5d089-ed6d-42bc-9014-b7bd8024a5ce,wouri,454,complete,152,144,144,0,0
94f48ada-f249-4fd3-92cd-d7e1454bbeb3,percoshk3t,455,complete,236,212,212,0,0
835047fa-11b8-44df-aff2-df367bacc016,domin0o_,456,complete,215,186,186,0,0
9b60b444-681f-4075-9bb2-5b8a1e6c8c0c,zendirege,457,complete,522,496,496,0,0
45a216c4-0a48-4475-9e16-4548a1ab8a63,-guty,458,complete,70,58,58,0,0
24d172ce-17ac-4473-9bbf-604230499642,kaneko999,459,complete_with_missing,242,220,219,1,1
766e6891-f43c-4caa-9069-6ff948384229,foidslayer--,460,complete,211,204,204,0,0
6226a775-1377-48c3-bac5-3a772af824fb,inwayz-_-,461,complete,141,132,132,0,0
31344471-a809-45c0-9190-fd6420769871,hallzerk,462,complete,34,26,26,0,0
07590cf0-6f1c-4a5c-b349-5af955627f30,kRaSnaI,463,complete,100,95,95,0,0
7620a1ae-c74b-4677-80c1-3e551c8c3fb7,PYREXX-,464,complete,217,208,208,0,0
2148ed19-15a3-4d2f-973e-4b7d6a29af6b,AI-Bagheera,465,complete,175,134,134,0,0
a20678de-0c2d-4a9f-bf8e-3c856bceab45,b1t,466,complete,57,53,53,0,0
57bf2171-049e-46e6-8e16-131dcb92a415,avid-,467,complete,60,60,60,0,0
43e675a8-d54e-42c4-b055-c0d2062bbf7e,YumsaN,468,complete,68,31,31,0,0
b0ee1f18-598b-4f15-89d5-99b614cc93b0,Malkiss,469,complete,38,37,37,0,0
8a4b1c1b-7957-4b83-a18c-1dee110c4cfc,1nki7331,470,complete,45,23,23,0,0
d9981652-0143-4c1f-9de5-7fed7f2315f5,k1ssly-,471,complete,116,92,92,0,0
d6537a7f-eb98-449d-9f31-cada1d6b910d,wswavdghfwd,472,complete,144,144,144,0,0
2d83d2dc-abfd-490e-b05e-0019887cf33c,731MusorDrop,473,complete,313,256,256,0,0
da235764-ca50-4d23-b071-38e9bf44a39b,jv2k,474,complete,118,114,114,0,0
f91a0186-c110-4c26-b82b-b77f885510a4,cheaterhs,475,complete,150,131,131,0,0
eda41a31-6cf9-49f9-9870-7b12bb0d9150,CASEKAICEDO,476,complete,149,143,143,0,0
d3f24072-38c0-44ac-9d8b-5dba72c47569,danil_potoke,477,complete,320,273,273,0,0
772edefc-9b9d-4e5b-b33e-2958eb6c38a7,H1jgnsh-_-,478,complete,210,210,210,0,0
1495e67c-8aa5-4e8a-9e24-7f17e5ea3049,PUPA-9,479,complete,215,175,175,0,0
ee612218-4533-4dbc-a8db-21192d8217b8,epeaj666,480,complete_with_missing,284,281,280,1,1
15371e7d-a30d-4b6a-80d8-d8ca1b8cbc43,stavnmagi,481,complete,70,62,62,0,0
fed5173b-cc64-4d2a-914f-84273a4eb392,deliciousSs,482,complete,211,168,168,0,0
f140177f-6dec-4903-9bb6-598f1049e97f,her1tage111,483,complete,111,67,67,0,0
e35850f7-8043-4e71-9d3a-3748cb6dfdd7,Shoota-_-,484,complete,211,178,178,0,0
c46fe7d1-7623-4014-a63b-2e8bc3cbac62,262,485,complete,395,369,369,0,0
defccfc4-ddf1-4aee-b441-51adf7306f37,m4d4ra666,486,complete,245,192,192,0,0
24a3d250-e64e-4212-9872-2f37997e3e5f,l4uvmaria,487,complete,222,203,203,0,0
c6ab629f-9142-4edb-9cb9-a88d5b6ac7ef,Chr1zN,488,complete,50,44,44,0,0
30d65106-6fb6-4f84-8a7a-66c10df34b72,--SanDy,489,complete,184,181,181,0,0
f02fe0de-fda4-490e-8048-a33cd7a47b54,Jayy2s,490,complete,149,130,130,0,0
a29dccc8-5ea9-49be-a884-09b80706b010,fdghnsfdgb,491,complete,219,163,163,0,0
75c35b01-719b-4d98-b110-e99a0369097a,whyalive999,492,complete,138,77,77,0,0
cab2a609-de2f-4023-a9c7-af89d5292c96,D0cC,493,complete,149,126,126,0,0
c8a2d8f4-c3d9-46dd-b779-e20940697c76,emiii-,494,complete,231,209,209,0,0
3783cdb7-ad5b-4c10-ba0e-ba14df7f8403,-Blam1e,495,complete,140,140,140,0,0
f60f128f-693b-4be2-8d37-d8bf0ad519ec,faydett,496,complete,85,84,84,0,0
1bce43de-6944-4533-8402-4631f989c56c,kagiriiii,497,complete,208,166,166,0,0
fa49d188-261a-4200-b10d-1c632dfeb87a,solb7,498,complete,177,149,149,0,0
cc4540db-0be4-43d7-869d-0a10573e8902,PleaseF1xMe,499,complete_with_missing,236,236,235,1,1
b89b63c3-72b3-4f94-ad9f-8f1cede7e874,edgyS,500,complete,212,192,192,0,0
