player_id,match_id,finished_at,reason,source_url
e5e8e2a6-d716-4493-b949-e16965f41654,1-9a588bb1-a24f-4ac8-a186-c5e40b3f94d6,2026-08-28T11:36:07+00:00,Jogador ausente ou duplicado nas estatísticas da partida.,https://open.faceit.com/data/v4/matches/1-9a588bb1-a24f-4ac8-a186-c5e40b3f94d6/stats
34f9fcd0-4f1f-4693-bd96-c2e29df992e5,1-6c1de1dd-1e47-4d13-83f4-bd048072261c,2026-08-11T19:22:41+00:00,FACEIT respondeu HTTP 404; coleta interrompida.,https://open.faceit.com/data/v4/matches/1-6c1de1dd-1e47-4d13-83f4-bd048072261c/stats
58dabfcf-c6d3-4a31-bb0e-9c95ff9c891b,1-04a7073f-159b-43f8-9c03-389fd60749c2,2026-08-11T19:13:15+00:00,FACEIT respondeu HTTP 404; coleta interrompida.,https://open.faceit.com/data/v4/matches/1-04a7073f-159b-43f8-9c03-389fd60749c2/stats
09013eac-138e-47ca-a38f-2ba9021c975f,1-432a47cd-8f40-4953-b27d-baa7b4390d89,2026-08-24T14:32:31+00:00,Jogador ausente ou duplicado nas estatísticas da partida.,https://open.faceit.com/data/v4/matches/1-432a47cd-8f40-4953-b27d-baa7b4390d89/stats
7c15da7f-39d6-4f8d-b237-ddcc58d0751b,1-15779ac9-3836-453f-9ecf-451bfee46058,2026-09-04T16:32:20+00:00,FACEIT respondeu HTTP 404; coleta interrompida.,https://open.faceit.com/data/v4/matches/1-15779ac9-3836-453f-9ecf-451bfee46058/stats
4513b098-01b1-4bb5-aa89-8bfaa5ad92d1,1-78f597c4-4f52-4c4c-811e-2d9a48793a99,2026-08-06T17:20:44+00:00,FACEIT respondeu HTTP 404; coleta interrompida.,https://open.faceit.com/data/v4/matches/1-78f597c4-4f52-4c4c-811e-2d9a48793a99/stats
657680fd-36af-4fa3-a506-8e1f6e64a1ff,1-8c124d8f-c588-4224-9f98-2bbcb7cd9c26,2026-09-16T10:33:01+00:00,FACEIT respondeu HTTP 404; coleta interrompida.,https://open.faceit.com/data/v4/matches/1-8c124d8f-c588-4224-9f98-2bbcb7cd9c26/stats
70afdb5a-9362-4aa9-bfcd-2e10e6447293,1-67414d26-aae2-4fae-8f6e-23b6c29c96f4,2026-09-04T20:45:12+00:00,FACEIT respondeu HTTP 404; coleta interrompida.,https://open.faceit.com/data/v4/matches/1-67414d26-aae2-4fae-8f6e-23b6c29c96f4/stats
981a95bd-ff59-4ead-80ca-55cd3a3034ba,1-6c1de1dd-1e47-4d13-83f4-bd048072261c,2026-08-11T19:22:41+00:00,FACEIT respondeu HTTP 404; coleta interrompida.,https://open.faceit.com/data/v4/matches/1-6c1de1dd-1e47-4d13-83f4-bd048072261c/stats
df7166cf-725c-4438-94a8-069e6df31a56,1-78f597c4-4f52-4c4c-811e-2d9a48793a99,2026-08-06T17:20:44+00:00,FACEIT respondeu HTTP 404; coleta interrompida.,https://open.faceit.com/data/v4/matches/1-78f597c4-4f52-4c4c-811e-2d9a48793a99/stats
e8efe2d2-a8a7-428f-87b3-d2b3c29e0e5f,1-a9963dcb-a101-47e4-a740-1021d8665410,2026-08-11T19:23:11+00:00,FACEIT respondeu HTTP 404; coleta interrompida.,https://open.faceit.com/data/v4/matches/1-a9963dcb-a101-47e4-a740-1021d8665410/stats
60aa5adc-ce7d-488c-a52b-20d69663177f,1-6c1de1dd-1e47-4d13-83f4-bd048072261c,2026-08-11T19:22:41+00:00,FACEIT respondeu HTTP 404; coleta interrompida.,https://open.faceit.com/data/v4/matches/1-6c1de1dd-1e47-4d13-83f4-bd048072261c/stats
74f9240e-fe24-4aac-aa37-53b2b5e804d8,1-f8ec6b28-6f99-43fe-9abc-b3dcad245eca,2026-09-04T16:50:15+00:00,FACEIT respondeu HTTP 404; coleta interrompida.,https://open.faceit.com/data/v4/matches/1-f8ec6b28-6f99-43fe-9abc-b3dcad245eca/stats
67345c91-57b6-42dc-b49c-330b091da3a6,1-6c1de1dd-1e47-4d13-83f4-bd048072261c,2026-08-11T19:22:41+00:00,FACEIT respondeu HTTP 404; coleta interrompida.,https://open.faceit.com/data/v4/matches/1-6c1de1dd-1e47-4d13-83f4-bd048072261c/stats
ae6f1503-1de9-4b9b-9a29-f1b9de916870,1-f8ec6b28-6f99-43fe-9abc-b3dcad245eca,2026-09-04T16:50:15+00:00,FACEIT respondeu HTTP 404; coleta interrompida.,https://open.faceit.com/data/v4/matches/1-f8ec6b28-6f99-43fe-9abc-b3dcad245eca/stats
2e65b3ea-fdb0-466c-9aca-89e170c67b61,1-15779ac9-3836-453f-9ecf-451bfee46058,2026-09-04T16:32:20+00:00,FACEIT respondeu HTTP 404; coleta interrompida.,https://open.faceit.com/data/v4/matches/1-15779ac9-3836-453f-9ecf-451bfee46058/stats
931f1364-a519-43c6-ab02-a73e8416481a,1-78f597c4-4f52-4c4c-811e-2d9a48793a99,2026-08-06T17:20:44+00:00,FACEIT respondeu HTTP 404; coleta interrompida.,https://open.faceit.com/data/v4/matches/1-78f597c4-4f52-4c4c-811e-2d9a48793a99/stats
3e7ed0d7-2105-4d2d-929a-f6befe6d8cc0,1-04a7073f-159b-43f8-9c03-389fd60749c2,2026-08-11T19:13:15+00:00,FACEIT respondeu HTTP 404; coleta interrompida.,https://open.faceit.com/data/v4/matches/1-04a7073f-159b-43f8-9c03-389fd60749c2/stats
b255e1b5-0b6b-4c57-a7ce-ad53b5521d33,1-f7201fcc-47af-40be-a5bf-0c36afbf37cf,2026-09-05T10:00:19+00:00,FACEIT respondeu HTTP 404; coleta interrompida.,https://open.faceit.com/data/v4/matches/1-f7201fcc-47af-40be-a5bf-0c36afbf37cf/stats
322dfefd-d0aa-4e24-a4ce-509e4c5ed28a,1-4366162e-9ed5-4097-8397-fb81dc8f612e,2026-09-04T20:46:19+00:00,FACEIT respondeu HTTP 404; coleta interrompida.,https://open.faceit.com/data/v4/matches/1-4366162e-9ed5-4097-8397-fb81dc8f612e/stats
3b6a98b3-fd37-42ec-9d14-3ca58a1e54ef,1-0d5bf492-fdf0-4861-bd17-a22754e03333,2026-09-27T20:41:23+00:00,Jogador ausente ou duplicado nas estatísticas da partida.,https://open.faceit.com/data/v4/matches/1-0d5bf492-fdf0-4861-bd17-a22754e03333/stats
7c38b5ca-b385-4cf2-942b-d7252521d266,1-04a7073f-159b-43f8-9c03-389fd60749c2,2026-08-11T19:13:15+00:00,FACEIT respondeu HTTP 404; coleta interrompida.,https://open.faceit.com/data/v4/matches/1-04a7073f-159b-43f8-9c03-389fd60749c2/stats
35c42621-9863-49d8-a9d3-98cd2ebd3695,1-11a04c79-03ea-4be3-973f-646b0f570aa5,2026-09-05T07:35:43+00:00,FACEIT respondeu HTTP 404; coleta interrompida.,https://open.faceit.com/data/v4/matches/1-11a04c79-03ea-4be3-973f-646b0f570aa5/stats
abe4d53f-ed16-49fc-8d86-3d1abac2d5ef,1-6c1de1dd-1e47-4d13-83f4-bd048072261c,2026-08-11T19:22:41+00:00,FACEIT respondeu HTTP 404; coleta interrompida.,https://open.faceit.com/data/v4/matches/1-6c1de1dd-1e47-4d13-83f4-bd048072261c/stats
7dfc0c4c-28a0-4126-8b97-349ba09bc314,1-e2690543-e6ff-4b0d-81b8-75cc952ed370,2026-09-08T20:57:06+00:00,FACEIT respondeu HTTP 404; coleta interrompida.,https://open.faceit.com/data/v4/matches/1-e2690543-e6ff-4b0d-81b8-75cc952ed370/stats
13a07227-30a0-4590-9b66-e8e5841b7a8b,1-67414d26-aae2-4fae-8f6e-23b6c29c96f4,2026-09-04T20:45:12+00:00,FACEIT respondeu HTTP 404; coleta interrompida.,https://open.faceit.com/data/v4/matches/1-67414d26-aae2-4fae-8f6e-23b6c29c96f4/stats
01b56a15-1e5d-43ea-9173-8d2b812bc1c6,1-fd567bb3-3986-4c0c-b74f-b0497303ccf4,2026-09-05T08:54:45+00:00,FACEIT respondeu HTTP 404; coleta interrompida.,https://open.faceit.com/data/v4/matches/1-fd567bb3-3986-4c0c-b74f-b0497303ccf4/stats
6a8c42f1-b66d-49d3-a89a-d0fd7c11d544,1-15779ac9-3836-453f-9ecf-451bfee46058,2026-09-04T16:32:20+00:00,FACEIT respondeu HTTP 404; coleta interrompida.,https://open.faceit.com/data/v4/matches/1-15779ac9-3836-453f-9ecf-451bfee46058/stats
b88c11ce-6c1c-4caf-826c-a3781f5ef95f,1-a3699919-d42f-4d28-b158-0da2bedccb23,2026-09-04T20:37:42+00:00,FACEIT respondeu HTTP 404; coleta interrompida.,https://open.faceit.com/data/v4/matches/1-a3699919-d42f-4d28-b158-0da2bedccb23/stats
41e2d7e1-a224-46b4-8565-cc04e4a9d1ea,1-4366162e-9ed5-4097-8397-fb81dc8f612e,2026-09-04T20:46:19+00:00,FACEIT respondeu HTTP 404; coleta interrompida.,https://open.faceit.com/data/v4/matches/1-4366162e-9ed5-4097-8397-fb81dc8f612e/stats
24d172ce-17ac-4473-9bbf-604230499642,1-6e3f1513-4131-4234-b66d-49d1daf894de,2026-09-26T18:55:25+00:00,FACEIT respondeu HTTP 404; coleta interrompida.,https://open.faceit.com/data/v4/matches/1-6e3f1513-4131-4234-b66d-49d1daf894de/stats
ee612218-4533-4dbc-a8db-21192d8217b8,1-91016deb-69ea-4b81-9c67-6610e4037e3c,2026-09-14T00:32:12+00:00,Jogador ausente ou duplicado nas estatísticas da partida.,https://open.faceit.com/data/v4/matches/1-91016deb-69ea-4b81-9c67-6610e4037e3c/stats
cc4540db-0be4-43d7-869d-0a10573e8902,1-6e3f1513-4131-4234-b66d-49d1daf894de,2026-09-26T18:55:25+00:00,FACEIT respondeu HTTP 404; coleta interrompida.,https://open.faceit.com/data/v4/matches/1-6e3f1513-4131-4234-b66d-49d1daf894de/stats
