player_id,player,position,week,week_start_utc,week_end_utc,matches,kills,deaths,missing_matches,expected_matches,status,kd,classification,percentile
34f9fcd0-4f1f-4693-bd96-c2e29df992e5,bluewh1te,6,1,2026-08-05T00:00:00+00:00,2026-08-12T00:00:00+00:00,41,722,603,1,42,dados_incompletos,,dados_incompletos,
d3b48a63-5d9d-4db7-ab3f-1dc325b0fc34,mazay,24,1,2026-08-05T00:00:00+00:00,2026-08-12T00:00:00+00:00,0,0,0,0,0,sem_partidas,,sem_partidas,
58dabfcf-c6d3-4a31-bb0e-9c95ff9c891b,whyhurt,30,1,2026-08-05T00:00:00+00:00,2026-08-12T00:00:00+00:00,42,775,587,1,43,dados_incompletos,,dados_incompletos,
e942341f-24df-45d9-ac6d-9817cfa6ad0b,frontales,34,1,2026-08-05T00:00:00+00:00,2026-08-12T00:00:00+00:00,0,0,0,0,0,sem_partidas,,sem_partidas,
3ecdb88c-0a97-457f-a130-d0782176f94d,FenomeN--,40,1,2026-08-05T00:00:00+00:00,2026-08-12T00:00:00+00:00,0,0,0,0,0,sem_partidas,,sem_partidas,
24f68939-d90a-4e47-8e43-7e5137c86f48,stressarN,46,1,2026-08-05T00:00:00+00:00,2026-08-12T00:00:00+00:00,0,0,0,0,0,sem_partidas,,sem_partidas,
553eaffc-58b4-4534-8310-cc19b37f72de,lattykk,55,1,2026-08-05T00:00:00+00:00,2026-08-12T00:00:00+00:00,0,0,0,0,0,sem_partidas,,sem_partidas,
e767b78c-8a2d-4bee-b65c-766dd8bab560,gooddeph-7-,67,1,2026-08-05T00:00:00+00:00,2026-08-12T00:00:00+00:00,0,0,0,0,0,sem_partidas,,sem_partidas,
4513b098-01b1-4bb5-aa89-8bfaa5ad92d1,k0gaSs,70,1,2026-08-05T00:00:00+00:00,2026-08-12T00:00:00+00:00,33,596,484,1,34,dados_incompletos,,dados_incompletos,
2d746c13-16de-48bf-a8a2-b7a0341aa66d,day0sTV,91,1,2026-08-05T00:00:00+00:00,2026-08-12T00:00:00+00:00,0,0,0,0,0,sem_partidas,,sem_partidas,
981a95bd-ff59-4ead-80ca-55cd3a3034ba,bl1x1,93,1,2026-08-05T00:00:00+00:00,2026-08-12T00:00:00+00:00,9,167,132,1,10,dados_incompletos,,dados_incompletos,
df7166cf-725c-4438-94a8-069e6df31a56,adex_-,102,1,2026-08-05T00:00:00+00:00,2026-08-12T00:00:00+00:00,32,549,428,1,33,dados_incompletos,,dados_incompletos,
e8efe2d2-a8a7-428f-87b3-d2b3c29e0e5f,Anlelele,109,1,2026-08-05T00:00:00+00:00,2026-08-12T00:00:00+00:00,4,84,64,1,5,dados_incompletos,,dados_incompletos,
b6daa950-11e5-4f51-b58e-b4e01e112500,sirah,118,1,2026-08-05T00:00:00+00:00,2026-08-12T00:00:00+00:00,0,0,0,0,0,sem_partidas,,sem_partidas,
60aa5adc-ce7d-488c-a52b-20d69663177f,bleedmagneto,121,1,2026-08-05T00:00:00+00:00,2026-08-12T00:00:00+00:00,38,851,593,1,39,dados_incompletos,,dados_incompletos,
826a8c4b-9b0f-403e-8bc8-11295ff894ff,28ddeiv,138,1,2026-08-05T00:00:00+00:00,2026-08-12T00:00:00+00:00,0,0,0,0,0,sem_partidas,,sem_partidas,
36f96e7b-6bf3-48b1-8f1a-cd35aee83702,sSen,140,1,2026-08-05T00:00:00+00:00,2026-08-12T00:00:00+00:00,0,0,0,0,0,sem_partidas,,sem_partidas,
b0f7ff0c-5051-4826-9dd4-b7e0219de821,fakerealityy,147,1,2026-08-05T00:00:00+00:00,2026-08-12T00:00:00+00:00,0,0,0,0,0,sem_partidas,,sem_partidas,
793ea9e5-fef6-4571-9b30-7c5d9f323215,darui,152,1,2026-08-05T00:00:00+00:00,2026-08-12T00:00:00+00:00,0,0,0,0,0,sem_partidas,,sem_partidas,
67345c91-57b6-42dc-b49c-330b091da3a6,chronic111,162,1,2026-08-05T00:00:00+00:00,2026-08-12T00:00:00+00:00,12,214,191,1,13,dados_incompletos,,dados_incompletos,
b030ed65-9170-4668-9bfa-ac6c2e53954c,St0m4k,174,1,2026-08-05T00:00:00+00:00,2026-08-12T00:00:00+00:00,0,0,0,0,0,sem_partidas,,sem_partidas,
41867c48-0982-4608-af44-d9749c2b5b6a,MoNaTy,179,1,2026-08-05T00:00:00+00:00,2026-08-12T00:00:00+00:00,0,0,0,0,0,sem_partidas,,sem_partidas,
931f1364-a519-43c6-ab02-a73e8416481a,Saax_,193,1,2026-08-05T00:00:00+00:00,2026-08-12T00:00:00+00:00,81,1249,1297,1,82,dados_incompletos,,dados_incompletos,
3e7ed0d7-2105-4d2d-929a-f6befe6d8cc0,ayalkasi,197,1,2026-08-05T00:00:00+00:00,2026-08-12T00:00:00+00:00,31,468,473,1,32,dados_incompletos,,dados_incompletos,
075ed300-7ed3-4377-88ba-9572f9ea8e3d,n0rb3r7,206,1,2026-08-05T00:00:00+00:00,2026-08-12T00:00:00+00:00,0,0,0,0,0,sem_partidas,,sem_partidas,
ebc37641-39d0-4692-bde6-c7a11ac1e90e,mara5m,213,1,2026-08-05T00:00:00+00:00,2026-08-12T00:00:00+00:00,0,0,0,0,0,sem_partidas,,sem_partidas,
6db5e566-77ae-4c30-852d-4fa54c4445aa,Alv68,231,1,2026-08-05T00:00:00+00:00,2026-08-12T00:00:00+00:00,0,0,0,0,0,sem_partidas,,sem_partidas,
522ecdd7-5fe2-4bd5-9806-4c015b9a1f8a,dwushka,238,1,2026-08-05T00:00:00+00:00,2026-08-12T00:00:00+00:00,0,0,0,0,0,sem_partidas,,sem_partidas,
0b2a4c62-2071-4582-be3e-50fbe6f53544,Eldarqwe-,241,1,2026-08-05T00:00:00+00:00,2026-08-12T00:00:00+00:00,0,0,0,0,0,sem_partidas,,sem_partidas,
2a82893f-3a7e-4458-9141-0b19673fa049,kashl1d,245,1,2026-08-05T00:00:00+00:00,2026-08-12T00:00:00+00:00,0,0,0,0,0,sem_partidas,,sem_partidas,
1d92f104-8d0a-4866-bb6e-5c11196bfca6,MusorDropXD,261,1,2026-08-05T00:00:00+00:00,2026-08-12T00:00:00+00:00,0,0,0,0,0,sem_partidas,,sem_partidas,
5ce742a9-a319-4e89-8164-4f4ca528c4cc,wh1teout,280,1,2026-08-05T00:00:00+00:00,2026-08-12T00:00:00+00:00,0,0,0,0,0,sem_partidas,,sem_partidas,
024d5042-e159-416f-bf84-cf69b8d5ac03,oopee,291,1,2026-08-05T00:00:00+00:00,2026-08-12T00:00:00+00:00,0,0,0,0,0,sem_partidas,,sem_partidas,
06b0f344-d2e8-4951-ab93-23e9470ce95e,REDS7AR,293,1,2026-08-05T00:00:00+00:00,2026-08-12T00:00:00+00:00,0,0,0,0,0,sem_partidas,,sem_partidas,
086df609-d086-4b83-9474-4347714e1f76,Fessor,302,1,2026-08-05T00:00:00+00:00,2026-08-12T00:00:00+00:00,0,0,0,0,0,sem_partidas,,sem_partidas,
74407bd7-b090-4cd9-8797-c4e3af17ae50,turcinskis,315,1,2026-08-05T00:00:00+00:00,2026-08-12T00:00:00+00:00,0,0,0,0,0,sem_partidas,,sem_partidas,
a7d9d607-a5ac-4aa1-ae41-4834085715c2,f0lkfan111,316,1,2026-08-05T00:00:00+00:00,2026-08-12T00:00:00+00:00,0,0,0,0,0,sem_partidas,,sem_partidas,
bdf798c9-0041-4a81-b581-28c52fede922,chedzik,323,1,2026-08-05T00:00:00+00:00,2026-08-12T00:00:00+00:00,0,0,0,0,0,sem_partidas,,sem_partidas,
5c60c1c4-653a-478d-90a4-441d1436a28e,-k0s,325,1,2026-08-05T00:00:00+00:00,2026-08-12T00:00:00+00:00,0,0,0,0,0,sem_partidas,,sem_partidas,
7c38b5ca-b385-4cf2-942b-d7252521d266,ne1l,349,1,2026-08-05T00:00:00+00:00,2026-08-12T00:00:00+00:00,6,133,109,1,7,dados_incompletos,,dados_incompletos,
6111a58f-ec43-4a35-ac5f-6a27d4a8442d,kade0,358,1,2026-08-05T00:00:00+00:00,2026-08-12T00:00:00+00:00,0,0,0,0,0,sem_partidas,,sem_partidas,
d4241a7e-40ed-428c-824b-186191cc1186,kkx-,365,1,2026-08-05T00:00:00+00:00,2026-08-12T00:00:00+00:00,0,0,0,0,0,sem_partidas,,sem_partidas,
abe4d53f-ed16-49fc-8d86-3d1abac2d5ef,yanni-_-,373,1,2026-08-05T00:00:00+00:00,2026-08-12T00:00:00+00:00,49,815,755,1,50,dados_incompletos,,dados_incompletos,
fa304d5e-0d2e-4b7c-a802-a9ee2989d6d7,musordrop01R,383,1,2026-08-05T00:00:00+00:00,2026-08-12T00:00:00+00:00,0,0,0,0,0,sem_partidas,,sem_partidas,
803bd4ab-3891-4686-8301-aea69a426477,PsychoDoctor,388,1,2026-08-05T00:00:00+00:00,2026-08-12T00:00:00+00:00,0,0,0,0,0,sem_partidas,,sem_partidas,
7b6558ed-94e8-4344-a805-788cb226d03e,oz1k,413,1,2026-08-05T00:00:00+00:00,2026-08-12T00:00:00+00:00,0,0,0,0,0,sem_partidas,,sem_partidas,
685163c9-a0d4-41b9-8373-d0d2f26ab42b,kL1o,418,1,2026-08-05T00:00:00+00:00,2026-08-12T00:00:00+00:00,0,0,0,0,0,sem_partidas,,sem_partidas,
6e9625a5-9d91-4b07-9858-0042f5a53f6a,paz-,420,1,2026-08-05T00:00:00+00:00,2026-08-12T00:00:00+00:00,0,0,0,0,0,sem_partidas,,sem_partidas,
5d950322-1f67-41fe-a8d7-3831ef236504,xz4yrix_-,441,1,2026-08-05T00:00:00+00:00,2026-08-12T00:00:00+00:00,0,0,0,0,0,sem_partidas,,sem_partidas,
41e2d7e1-a224-46b4-8565-cc04e4a9d1ea,crazed-_-,444,1,2026-08-05T00:00:00+00:00,2026-08-12T00:00:00+00:00,0,0,0,0,0,sem_partidas,,sem_partidas,
5b8d259e-503e-4afe-b621-0dc202d46e43,Buzz,447,1,2026-08-05T00:00:00+00:00,2026-08-12T00:00:00+00:00,0,0,0,0,0,sem_partidas,,sem_partidas,
888098d7-ca11-498a-9d76-aa9bc8636708,-Aldikon,452,1,2026-08-05T00:00:00+00:00,2026-08-12T00:00:00+00:00,0,0,0,0,0,sem_partidas,,sem_partidas,
9af7e56b-2661-4235-a853-788f9d07d7c5,safraleine33,453,1,2026-08-05T00:00:00+00:00,2026-08-12T00:00:00+00:00,0,0,0,0,0,sem_partidas,,sem_partidas,
766e6891-f43c-4caa-9069-6ff948384229,foidslayer--,460,1,2026-08-05T00:00:00+00:00,2026-08-12T00:00:00+00:00,0,0,0,0,0,sem_partidas,,sem_partidas,
6226a775-1377-48c3-bac5-3a772af824fb,inwayz-_-,461,1,2026-08-05T00:00:00+00:00,2026-08-12T00:00:00+00:00,0,0,0,0,0,sem_partidas,,sem_partidas,
31344471-a809-45c0-9190-fd6420769871,hallzerk,462,1,2026-08-05T00:00:00+00:00,2026-08-12T00:00:00+00:00,0,0,0,0,0,sem_partidas,,sem_partidas,
b0ee1f18-598b-4f15-89d5-99b614cc93b0,Malkiss,469,1,2026-08-05T00:00:00+00:00,2026-08-12T00:00:00+00:00,0,0,0,0,0,sem_partidas,,sem_partidas,
8a4b1c1b-7957-4b83-a18c-1dee110c4cfc,1nki7331,470,1,2026-08-05T00:00:00+00:00,2026-08-12T00:00:00+00:00,0,0,0,0,0,sem_partidas,,sem_partidas,
d9981652-0143-4c1f-9de5-7fed7f2315f5,k1ssly-,471,1,2026-08-05T00:00:00+00:00,2026-08-12T00:00:00+00:00,0,0,0,0,0,sem_partidas,,sem_partidas,
463b9403-9b63-4408-a962-d9452385af4d,z1Nny,8,2,2026-08-12T00:00:00+00:00,2026-08-19T00:00:00+00:00,0,0,0,0,0,sem_partidas,,sem_partidas,
3ecdb88c-0a97-457f-a130-d0782176f94d,FenomeN--,40,2,2026-08-12T00:00:00+00:00,2026-08-19T00:00:00+00:00,0,0,0,0,0,sem_partidas,,sem_partidas,
4df4d439-0a99-470c-9c36-83b9405a2640,Pump-,48,2,2026-08-12T00:00:00+00:00,2026-08-19T00:00:00+00:00,0,0,0,0,0,sem_partidas,,sem_partidas,
009623b1-dd6e-4551-959e-990a21657f93,Mzinho,51,2,2026-08-12T00:00:00+00:00,2026-08-19T00:00:00+00:00,0,0,0,0,0,sem_partidas,,sem_partidas,
553eaffc-58b4-4534-8310-cc19b37f72de,lattykk,55,2,2026-08-12T00:00:00+00:00,2026-08-19T00:00:00+00:00,0,0,0,0,0,sem_partidas,,sem_partidas,
1a4ed498-cee4-44e7-8fee-ce1ecba7647c,executor,87,2,2026-08-12T00:00:00+00:00,2026-08-19T00:00:00+00:00,0,0,0,0,0,sem_partidas,,sem_partidas,
39056d07-cdc5-4613-906d-e900a1f781a2,-xTRAVIS,124,2,2026-08-12T00:00:00+00:00,2026-08-19T00:00:00+00:00,0,0,0,0,0,sem_partidas,,sem_partidas,
826a8c4b-9b0f-403e-8bc8-11295ff894ff,28ddeiv,138,2,2026-08-12T00:00:00+00:00,2026-08-19T00:00:00+00:00,0,0,0,0,0,sem_partidas,,sem_partidas,
078ff0df-ebb9-4352-b7ee-dc2044dd676f,-finW,171,2,2026-08-12T00:00:00+00:00,2026-08-19T00:00:00+00:00,0,0,0,0,0,sem_partidas,,sem_partidas,
18911949-a23d-4b42-bd0b-7a970b51824c,frozen_-,198,2,2026-08-12T00:00:00+00:00,2026-08-19T00:00:00+00:00,0,0,0,0,0,sem_partidas,,sem_partidas,
86383974-b132-48a2-a66f-cf9d3a3d68fd,tENZY,205,2,2026-08-12T00:00:00+00:00,2026-08-19T00:00:00+00:00,0,0,0,0,0,sem_partidas,,sem_partidas,
fb2e77e7-ec1d-40fa-83a1-c01646167651,Z1W0W666,223,2,2026-08-12T00:00:00+00:00,2026-08-19T00:00:00+00:00,0,0,0,0,0,sem_partidas,,sem_partidas,
220685cd-1a18-4402-a9a9-ac240313cabd,xeedo,228,2,2026-08-12T00:00:00+00:00,2026-08-19T00:00:00+00:00,0,0,0,0,0,sem_partidas,,sem_partidas,
b87eadad-7829-4f17-a85a-281ff569829a,ForesterONE,230,2,2026-08-12T00:00:00+00:00,2026-08-19T00:00:00+00:00,0,0,0,0,0,sem_partidas,,sem_partidas,
0b2a4c62-2071-4582-be3e-50fbe6f53544,Eldarqwe-,241,2,2026-08-12T00:00:00+00:00,2026-08-19T00:00:00+00:00,0,0,0,0,0,sem_partidas,,sem_partidas,
1d92f104-8d0a-4866-bb6e-5c11196bfca6,MusorDropXD,261,2,2026-08-12T00:00:00+00:00,2026-08-19T00:00:00+00:00,0,0,0,0,0,sem_partidas,,sem_partidas,
06b0f344-d2e8-4951-ab93-23e9470ce95e,REDS7AR,293,2,2026-08-12T00:00:00+00:00,2026-08-19T00:00:00+00:00,0,0,0,0,0,sem_partidas,,sem_partidas,
0b71822e-4e5a-4c96-9b2c-be44ff7f7e86,DrammaGod,309,2,2026-08-12T00:00:00+00:00,2026-08-19T00:00:00+00:00,0,0,0,0,0,sem_partidas,,sem_partidas,
74407bd7-b090-4cd9-8797-c4e3af17ae50,turcinskis,315,2,2026-08-12T00:00:00+00:00,2026-08-19T00:00:00+00:00,0,0,0,0,0,sem_partidas,,sem_partidas,
a7d9d607-a5ac-4aa1-ae41-4834085715c2,f0lkfan111,316,2,2026-08-12T00:00:00+00:00,2026-08-19T00:00:00+00:00,0,0,0,0,0,sem_partidas,,sem_partidas,
bdf798c9-0041-4a81-b581-28c52fede922,chedzik,323,2,2026-08-12T00:00:00+00:00,2026-08-19T00:00:00+00:00,0,0,0,0,0,sem_partidas,,sem_partidas,
5c60c1c4-653a-478d-90a4-441d1436a28e,-k0s,325,2,2026-08-12T00:00:00+00:00,2026-08-19T00:00:00+00:00,0,0,0,0,0,sem_partidas,,sem_partidas,
8fc05816-4e4c-4df0-b6ab-4059965f95a5,feat-,337,2,2026-08-12T00:00:00+00:00,2026-08-19T00:00:00+00:00,0,0,0,0,0,sem_partidas,,sem_partidas,
6111a58f-ec43-4a35-ac5f-6a27d4a8442d,kade0,358,2,2026-08-12T00:00:00+00:00,2026-08-19T00:00:00+00:00,0,0,0,0,0,sem_partidas,,sem_partidas,
88aba0ad-9f4f-43f8-8691-78bd5935bb26,MAJ1X,360,2,2026-08-12T00:00:00+00:00,2026-08-19T00:00:00+00:00,0,0,0,0,0,sem_partidas,,sem_partidas,
32181c2b-b743-4bcd-abd1-1a76378beacf,zs0lt1-,370,2,2026-08-12T00:00:00+00:00,2026-08-19T00:00:00+00:00,0,0,0,0,0,sem_partidas,,sem_partidas,
08b00737-a7bf-46c2-b501-052c101f3e6e,siz-,380,2,2026-08-12T00:00:00+00:00,2026-08-19T00:00:00+00:00,0,0,0,0,0,sem_partidas,,sem_partidas,
803bd4ab-3891-4686-8301-aea69a426477,PsychoDoctor,388,2,2026-08-12T00:00:00+00:00,2026-08-19T00:00:00+00:00,0,0,0,0,0,sem_partidas,,sem_partidas,
e5b77795-ddbc-418b-a72a-e8e8e2787d54,eNs,411,2,2026-08-12T00:00:00+00:00,2026-08-19T00:00:00+00:00,0,0,0,0,0,sem_partidas,,sem_partidas,
7b6558ed-94e8-4344-a805-788cb226d03e,oz1k,413,2,2026-08-12T00:00:00+00:00,2026-08-19T00:00:00+00:00,0,0,0,0,0,sem_partidas,,sem_partidas,
6e9625a5-9d91-4b07-9858-0042f5a53f6a,paz-,420,2,2026-08-12T00:00:00+00:00,2026-08-19T00:00:00+00:00,0,0,0,0,0,sem_partidas,,sem_partidas,
8dd252bc-7bed-4b80-a8af-08292429f90c,shaiK,424,2,2026-08-12T00:00:00+00:00,2026-08-19T00:00:00+00:00,0,0,0,0,0,sem_partidas,,sem_partidas,
5d950322-1f67-41fe-a8d7-3831ef236504,xz4yrix_-,441,2,2026-08-12T00:00:00+00:00,2026-08-19T00:00:00+00:00,0,0,0,0,0,sem_partidas,,sem_partidas,
41e2d7e1-a224-46b4-8565-cc04e4a9d1ea,crazed-_-,444,2,2026-08-12T00:00:00+00:00,2026-08-19T00:00:00+00:00,0,0,0,0,0,sem_partidas,,sem_partidas,
888098d7-ca11-498a-9d76-aa9bc8636708,-Aldikon,452,2,2026-08-12T00:00:00+00:00,2026-08-19T00:00:00+00:00,0,0,0,0,0,sem_partidas,,sem_partidas,
9af7e56b-2661-4235-a853-788f9d07d7c5,safraleine33,453,2,2026-08-12T00:00:00+00:00,2026-08-19T00:00:00+00:00,0,0,0,0,0,sem_partidas,,sem_partidas,
6226a775-1377-48c3-bac5-3a772af824fb,inwayz-_-,461,2,2026-08-12T00:00:00+00:00,2026-08-19T00:00:00+00:00,0,0,0,0,0,sem_partidas,,sem_partidas,
8a4b1c1b-7957-4b83-a18c-1dee110c4cfc,1nki7331,470,2,2026-08-12T00:00:00+00:00,2026-08-19T00:00:00+00:00,0,0,0,0,0,sem_partidas,,sem_partidas,
09013eac-138e-47ca-a38f-2ba9021c975f,flouzer,35,3,2026-08-19T00:00:00+00:00,2026-08-26T00:00:00+00:00,30,586,475,1,31,dados_incompletos,,dados_incompletos,
39056d07-cdc5-4613-906d-e900a1f781a2,-xTRAVIS,124,3,2026-08-19T00:00:00+00:00,2026-08-26T00:00:00+00:00,0,0,0,0,0,sem_partidas,,sem_partidas,
078ff0df-ebb9-4352-b7ee-dc2044dd676f,-finW,171,3,2026-08-19T00:00:00+00:00,2026-08-26T00:00:00+00:00,0,0,0,0,0,sem_partidas,,sem_partidas,
18911949-a23d-4b42-bd0b-7a970b51824c,frozen_-,198,3,2026-08-19T00:00:00+00:00,2026-08-26T00:00:00+00:00,0,0,0,0,0,sem_partidas,,sem_partidas,
6db5e566-77ae-4c30-852d-4fa54c4445aa,Alv68,231,3,2026-08-19T00:00:00+00:00,2026-08-26T00:00:00+00:00,0,0,0,0,0,sem_partidas,,sem_partidas,
522ecdd7-5fe2-4bd5-9806-4c015b9a1f8a,dwushka,238,3,2026-08-19T00:00:00+00:00,2026-08-26T00:00:00+00:00,0,0,0,0,0,sem_partidas,,sem_partidas,
0b2a4c62-2071-4582-be3e-50fbe6f53544,Eldarqwe-,241,3,2026-08-19T00:00:00+00:00,2026-08-26T00:00:00+00:00,0,0,0,0,0,sem_partidas,,sem_partidas,
1d92f104-8d0a-4866-bb6e-5c11196bfca6,MusorDropXD,261,3,2026-08-19T00:00:00+00:00,2026-08-26T00:00:00+00:00,0,0,0,0,0,sem_partidas,,sem_partidas,
3fa04793-fb47-46ee-be6f-c44cacd77099,h0sster,303,3,2026-08-19T00:00:00+00:00,2026-08-26T00:00:00+00:00,0,0,0,0,0,sem_partidas,,sem_partidas,
74407bd7-b090-4cd9-8797-c4e3af17ae50,turcinskis,315,3,2026-08-19T00:00:00+00:00,2026-08-26T00:00:00+00:00,0,0,0,0,0,sem_partidas,,sem_partidas,
a7d9d607-a5ac-4aa1-ae41-4834085715c2,f0lkfan111,316,3,2026-08-19T00:00:00+00:00,2026-08-26T00:00:00+00:00,0,0,0,0,0,sem_partidas,,sem_partidas,
bdf798c9-0041-4a81-b581-28c52fede922,chedzik,323,3,2026-08-19T00:00:00+00:00,2026-08-26T00:00:00+00:00,0,0,0,0,0,sem_partidas,,sem_partidas,
5c60c1c4-653a-478d-90a4-441d1436a28e,-k0s,325,3,2026-08-19T00:00:00+00:00,2026-08-26T00:00:00+00:00,0,0,0,0,0,sem_partidas,,sem_partidas,
3b6a98b3-fd37-42ec-9d14-3ca58a1e54ef,sh4shlick,332,3,2026-08-19T00:00:00+00:00,2026-08-26T00:00:00+00:00,0,0,0,0,0,sem_partidas,,sem_partidas,
0be6bdd3-7448-4711-84d6-79cfbbe86f71,musordrop983,334,3,2026-08-19T00:00:00+00:00,2026-08-26T00:00:00+00:00,0,0,0,0,0,sem_partidas,,sem_partidas,
c0216481-6d6f-4a69-b480-e1f3c4f0c36a,LECY89,343,3,2026-08-19T00:00:00+00:00,2026-08-26T00:00:00+00:00,0,0,0,0,0,sem_partidas,,sem_partidas,
6111a58f-ec43-4a35-ac5f-6a27d4a8442d,kade0,358,3,2026-08-19T00:00:00+00:00,2026-08-26T00:00:00+00:00,0,0,0,0,0,sem_partidas,,sem_partidas,
88aba0ad-9f4f-43f8-8691-78bd5935bb26,MAJ1X,360,3,2026-08-19T00:00:00+00:00,2026-08-26T00:00:00+00:00,0,0,0,0,0,sem_partidas,,sem_partidas,
32181c2b-b743-4bcd-abd1-1a76378beacf,zs0lt1-,370,3,2026-08-19T00:00:00+00:00,2026-08-26T00:00:00+00:00,0,0,0,0,0,sem_partidas,,sem_partidas,
e15c799e-2f9b-42fb-9233-db6908126b26,LunaticYF,384,3,2026-08-19T00:00:00+00:00,2026-08-26T00:00:00+00:00,0,0,0,0,0,sem_partidas,,sem_partidas,
a421bf0b-db37-4194-8d57-59aa2cab64a0,NaYz,408,3,2026-08-19T00:00:00+00:00,2026-08-26T00:00:00+00:00,0,0,0,0,0,sem_partidas,,sem_partidas,
1ace868a-d60c-46b8-a61e-f51d40d0305b,lilpeepfan-,419,3,2026-08-19T00:00:00+00:00,2026-08-26T00:00:00+00:00,0,0,0,0,0,sem_partidas,,sem_partidas,
5d950322-1f67-41fe-a8d7-3831ef236504,xz4yrix_-,441,3,2026-08-19T00:00:00+00:00,2026-08-26T00:00:00+00:00,0,0,0,0,0,sem_partidas,,sem_partidas,
a890369c-f360-430b-bb2b-07320647239f,Sami,443,3,2026-08-19T00:00:00+00:00,2026-08-26T00:00:00+00:00,0,0,0,0,0,sem_partidas,,sem_partidas,
41e2d7e1-a224-46b4-8565-cc04e4a9d1ea,crazed-_-,444,3,2026-08-19T00:00:00+00:00,2026-08-26T00:00:00+00:00,0,0,0,0,0,sem_partidas,,sem_partidas,
888098d7-ca11-498a-9d76-aa9bc8636708,-Aldikon,452,3,2026-08-19T00:00:00+00:00,2026-08-26T00:00:00+00:00,0,0,0,0,0,sem_partidas,,sem_partidas,
9af7e56b-2661-4235-a853-788f9d07d7c5,safraleine33,453,3,2026-08-19T00:00:00+00:00,2026-08-26T00:00:00+00:00,0,0,0,0,0,sem_partidas,,sem_partidas,
6226a775-1377-48c3-bac5-3a772af824fb,inwayz-_-,461,3,2026-08-19T00:00:00+00:00,2026-08-26T00:00:00+00:00,0,0,0,0,0,sem_partidas,,sem_partidas,
43e675a8-d54e-42c4-b055-c0d2062bbf7e,YumsaN,468,3,2026-08-19T00:00:00+00:00,2026-08-26T00:00:00+00:00,0,0,0,0,0,sem_partidas,,sem_partidas,
b0ee1f18-598b-4f15-89d5-99b614cc93b0,Malkiss,469,3,2026-08-19T00:00:00+00:00,2026-08-26T00:00:00+00:00,0,0,0,0,0,sem_partidas,,sem_partidas,
8a4b1c1b-7957-4b83-a18c-1dee110c4cfc,1nki7331,470,3,2026-08-19T00:00:00+00:00,2026-08-26T00:00:00+00:00,0,0,0,0,0,sem_partidas,,sem_partidas,
eda41a31-6cf9-49f9-9870-7b12bb0d9150,CASEKAICEDO,476,3,2026-08-19T00:00:00+00:00,2026-08-26T00:00:00+00:00,0,0,0,0,0,sem_partidas,,sem_partidas,
e5e8e2a6-d716-4493-b949-e16965f41654,donk666,1,4,2026-08-26T00:00:00+00:00,2026-09-02T00:00:00+00:00,16,359,247,1,17,dados_incompletos,,dados_incompletos,
10735fa0-ab32-4b53-9725-f2f6ce9090de,youka,75,4,2026-08-26T00:00:00+00:00,2026-09-02T00:00:00+00:00,0,0,0,0,0,sem_partidas,,sem_partidas,
e8d95f8f-ecb3-4bd2-9dd0-28da03c253f0,brutmonster,78,4,2026-08-26T00:00:00+00:00,2026-09-02T00:00:00+00:00,0,0,0,0,0,sem_partidas,,sem_partidas,
dca638b9-fd2d-40eb-b7c6-c853242618d0,iRV1NG,106,4,2026-08-26T00:00:00+00:00,2026-09-02T00:00:00+00:00,0,0,0,0,0,sem_partidas,,sem_partidas,
329c6a46-4acf-404a-8a29-fd391e6a88de,-kRyTouS,111,4,2026-08-26T00:00:00+00:00,2026-09-02T00:00:00+00:00,0,0,0,0,0,sem_partidas,,sem_partidas,
be2af9a3-ef6d-428c-b8f4-6921d6275638,wetfy,137,4,2026-08-26T00:00:00+00:00,2026-09-02T00:00:00+00:00,0,0,0,0,0,sem_partidas,,sem_partidas,
7a51f50f-6fdd-4fe8-9c30-455cd3b8d694,yasxozhysyma,148,4,2026-08-26T00:00:00+00:00,2026-09-02T00:00:00+00:00,0,0,0,0,0,sem_partidas,,sem_partidas,
24636d00-25cc-4ab7-9cbd-67c633c08d0c,topo-,157,4,2026-08-26T00:00:00+00:00,2026-09-02T00:00:00+00:00,0,0,0,0,0,sem_partidas,,sem_partidas,
931f1364-a519-43c6-ab02-a73e8416481a,Saax_,193,4,2026-08-26T00:00:00+00:00,2026-09-02T00:00:00+00:00,0,0,0,0,0,sem_partidas,,sem_partidas,
b8c3743e-a4c3-4168-ad0f-348a37a77a72,GrandLove,195,4,2026-08-26T00:00:00+00:00,2026-09-02T00:00:00+00:00,0,0,0,0,0,sem_partidas,,sem_partidas,
4e841b14-b668-476d-b7db-774f68aa4ed4,Patsi-,203,4,2026-08-26T00:00:00+00:00,2026-09-02T00:00:00+00:00,0,0,0,0,0,sem_partidas,,sem_partidas,
ebc37641-39d0-4692-bde6-c7a11ac1e90e,mara5m,213,4,2026-08-26T00:00:00+00:00,2026-09-02T00:00:00+00:00,0,0,0,0,0,sem_partidas,,sem_partidas,
b87eadad-7829-4f17-a85a-281ff569829a,ForesterONE,230,4,2026-08-26T00:00:00+00:00,2026-09-02T00:00:00+00:00,0,0,0,0,0,sem_partidas,,sem_partidas,
a4c4fb77-1996-47bd-b5e1-c14d86cf9997,444rainy,232,4,2026-08-26T00:00:00+00:00,2026-09-02T00:00:00+00:00,0,0,0,0,0,sem_partidas,,sem_partidas,
0b2a4c62-2071-4582-be3e-50fbe6f53544,Eldarqwe-,241,4,2026-08-26T00:00:00+00:00,2026-09-02T00:00:00+00:00,0,0,0,0,0,sem_partidas,,sem_partidas,
2a82893f-3a7e-4458-9141-0b19673fa049,kashl1d,245,4,2026-08-26T00:00:00+00:00,2026-09-02T00:00:00+00:00,0,0,0,0,0,sem_partidas,,sem_partidas,
e1bcffdd-7eeb-4744-b8d6-a582dcfb1670,Krad,279,4,2026-08-26T00:00:00+00:00,2026-09-02T00:00:00+00:00,0,0,0,0,0,sem_partidas,,sem_partidas,
f7ade297-4f13-4e91-b103-cacdfc3e5ba5,VLDN,306,4,2026-08-26T00:00:00+00:00,2026-09-02T00:00:00+00:00,0,0,0,0,0,sem_partidas,,sem_partidas,
c14998db-c745-4904-8316-429d46510e49,NonAmEeEeR,308,4,2026-08-26T00:00:00+00:00,2026-09-02T00:00:00+00:00,0,0,0,0,0,sem_partidas,,sem_partidas,
0b71822e-4e5a-4c96-9b2c-be44ff7f7e86,DrammaGod,309,4,2026-08-26T00:00:00+00:00,2026-09-02T00:00:00+00:00,0,0,0,0,0,sem_partidas,,sem_partidas,
74407bd7-b090-4cd9-8797-c4e3af17ae50,turcinskis,315,4,2026-08-26T00:00:00+00:00,2026-09-02T00:00:00+00:00,0,0,0,0,0,sem_partidas,,sem_partidas,
a7d9d607-a5ac-4aa1-ae41-4834085715c2,f0lkfan111,316,4,2026-08-26T00:00:00+00:00,2026-09-02T00:00:00+00:00,0,0,0,0,0,sem_partidas,,sem_partidas,
83270bc6-74aa-4ca3-942b-f28a3d704b6d,OneUn1que,320,4,2026-08-26T00:00:00+00:00,2026-09-02T00:00:00+00:00,0,0,0,0,0,sem_partidas,,sem_partidas,
8fc05816-4e4c-4df0-b6ab-4059965f95a5,feat-,337,4,2026-08-26T00:00:00+00:00,2026-09-02T00:00:00+00:00,0,0,0,0,0,sem_partidas,,sem_partidas,
c0216481-6d6f-4a69-b480-e1f3c4f0c36a,LECY89,343,4,2026-08-26T00:00:00+00:00,2026-09-02T00:00:00+00:00,0,0,0,0,0,sem_partidas,,sem_partidas,
58f68286-29eb-4108-97e5-2d8d96c65e05,mezii--,352,4,2026-08-26T00:00:00+00:00,2026-09-02T00:00:00+00:00,0,0,0,0,0,sem_partidas,,sem_partidas,
88aba0ad-9f4f-43f8-8691-78bd5935bb26,MAJ1X,360,4,2026-08-26T00:00:00+00:00,2026-09-02T00:00:00+00:00,0,0,0,0,0,sem_partidas,,sem_partidas,
c328112e-d19e-4dc2-b0d9-e95372a362e7,Hrdina1452,377,4,2026-08-26T00:00:00+00:00,2026-09-02T00:00:00+00:00,0,0,0,0,0,sem_partidas,,sem_partidas,
675b5450-f00f-4009-92b8-10d17524959a,Proinya,396,4,2026-08-26T00:00:00+00:00,2026-09-02T00:00:00+00:00,0,0,0,0,0,sem_partidas,,sem_partidas,
e5b77795-ddbc-418b-a72a-e8e8e2787d54,eNs,411,4,2026-08-26T00:00:00+00:00,2026-09-02T00:00:00+00:00,0,0,0,0,0,sem_partidas,,sem_partidas,
685163c9-a0d4-41b9-8373-d0d2f26ab42b,kL1o,418,4,2026-08-26T00:00:00+00:00,2026-09-02T00:00:00+00:00,0,0,0,0,0,sem_partidas,,sem_partidas,
c03e59a1-785d-4821-8300-e84d2a30a99c,fez,451,4,2026-08-26T00:00:00+00:00,2026-09-02T00:00:00+00:00,0,0,0,0,0,sem_partidas,,sem_partidas,
888098d7-ca11-498a-9d76-aa9bc8636708,-Aldikon,452,4,2026-08-26T00:00:00+00:00,2026-09-02T00:00:00+00:00,0,0,0,0,0,sem_partidas,,sem_partidas,
6226a775-1377-48c3-bac5-3a772af824fb,inwayz-_-,461,4,2026-08-26T00:00:00+00:00,2026-09-02T00:00:00+00:00,0,0,0,0,0,sem_partidas,,sem_partidas,
31344471-a809-45c0-9190-fd6420769871,hallzerk,462,4,2026-08-26T00:00:00+00:00,2026-09-02T00:00:00+00:00,0,0,0,0,0,sem_partidas,,sem_partidas,
b0ee1f18-598b-4f15-89d5-99b614cc93b0,Malkiss,469,4,2026-08-26T00:00:00+00:00,2026-09-02T00:00:00+00:00,0,0,0,0,0,sem_partidas,,sem_partidas,
d6537a7f-eb98-449d-9f31-cada1d6b910d,wswavdghfwd,472,4,2026-08-26T00:00:00+00:00,2026-09-02T00:00:00+00:00,0,0,0,0,0,sem_partidas,,sem_partidas,
7c15da7f-39d6-4f8d-b237-ddcc58d0751b,hey666,42,5,2026-09-02T00:00:00+00:00,2026-09-09T00:00:00+00:00,32,750,502,1,33,dados_incompletos,,dados_incompletos,
e8d95f8f-ecb3-4bd2-9dd0-28da03c253f0,brutmonster,78,5,2026-09-02T00:00:00+00:00,2026-09-09T00:00:00+00:00,0,0,0,0,0,sem_partidas,,sem_partidas,
00beb86f-d29e-4f4f-ad7c-580d9b1434b4,es0r7,85,5,2026-09-02T00:00:00+00:00,2026-09-09T00:00:00+00:00,0,0,0,0,0,sem_partidas,,sem_partidas,
70afdb5a-9362-4aa9-bfcd-2e10e6447293,heavensent,86,5,2026-09-02T00:00:00+00:00,2026-09-09T00:00:00+00:00,8,147,123,1,9,dados_incompletos,,dados_incompletos,
74f9240e-fe24-4aac-aa37-53b2b5e804d8,-Staehr-,122,5,2026-09-02T00:00:00+00:00,2026-09-09T00:00:00+00:00,8,153,96,1,9,dados_incompletos,,dados_incompletos,
7a51f50f-6fdd-4fe8-9c30-455cd3b8d694,yasxozhysyma,148,5,2026-09-02T00:00:00+00:00,2026-09-09T00:00:00+00:00,0,0,0,0,0,sem_partidas,,sem_partidas,
df5ba290-c6a6-4481-8e9e-d16ceb4dbc6b,KaiR0N-993,151,5,2026-09-02T00:00:00+00:00,2026-09-09T00:00:00+00:00,0,0,0,0,0,sem_partidas,,sem_partidas,
24636d00-25cc-4ab7-9cbd-67c633c08d0c,topo-,157,5,2026-09-02T00:00:00+00:00,2026-09-09T00:00:00+00:00,0,0,0,0,0,sem_partidas,,sem_partidas,
ae6f1503-1de9-4b9b-9a29-f1b9de916870,jabbi,164,5,2026-09-02T00:00:00+00:00,2026-09-09T00:00:00+00:00,6,117,76,1,7,dados_incompletos,,dados_incompletos,
4c27b599-0a56-4f3e-80cb-6ef83b6df2cf,Slaxx-,167,5,2026-09-02T00:00:00+00:00,2026-09-09T00:00:00+00:00,0,0,0,0,0,sem_partidas,,sem_partidas,
2e65b3ea-fdb0-466c-9aca-89e170c67b61,depact,181,5,2026-09-02T00:00:00+00:00,2026-09-09T00:00:00+00:00,41,668,686,1,42,dados_incompletos,,dados_incompletos,
4e841b14-b668-476d-b7db-774f68aa4ed4,Patsi-,203,5,2026-09-02T00:00:00+00:00,2026-09-09T00:00:00+00:00,0,0,0,0,0,sem_partidas,,sem_partidas,
86383974-b132-48a2-a66f-cf9d3a3d68fd,tENZY,205,5,2026-09-02T00:00:00+00:00,2026-09-09T00:00:00+00:00,0,0,0,0,0,sem_partidas,,sem_partidas,
9aad1747-b65d-4a0f-9a14-2ef947fe92b5,Sowalio,215,5,2026-09-02T00:00:00+00:00,2026-09-09T00:00:00+00:00,0,0,0,0,0,sem_partidas,,sem_partidas,
fb2e77e7-ec1d-40fa-83a1-c01646167651,Z1W0W666,223,5,2026-09-02T00:00:00+00:00,2026-09-09T00:00:00+00:00,0,0,0,0,0,sem_partidas,,sem_partidas,
98f1d2a1-6302-4d93-bf38-cc25f6b25256,gr1ks,236,5,2026-09-02T00:00:00+00:00,2026-09-09T00:00:00+00:00,0,0,0,0,0,sem_partidas,,sem_partidas,
dce1d644-6bf1-449a-85ff-6b399e4269dc,Botpa1,257,5,2026-09-02T00:00:00+00:00,2026-09-09T00:00:00+00:00,0,0,0,0,0,sem_partidas,,sem_partidas,
b255e1b5-0b6b-4c57-a7ce-ad53b5521d33,CoCuCbKu,289,5,2026-09-02T00:00:00+00:00,2026-09-09T00:00:00+00:00,63,1097,888,1,64,dados_incompletos,,dados_incompletos,
6f01bc34-897d-43d5-9b43-c6e49e408dd5,Twist,290,5,2026-09-02T00:00:00+00:00,2026-09-09T00:00:00+00:00,0,0,0,0,0,sem_partidas,,sem_partidas,
322dfefd-d0aa-4e24-a4ce-509e4c5ed28a,toshas-,294,5,2026-09-02T00:00:00+00:00,2026-09-09T00:00:00+00:00,16,260,236,1,17,dados_incompletos,,dados_incompletos,
c14998db-c745-4904-8316-429d46510e49,NonAmEeEeR,308,5,2026-09-02T00:00:00+00:00,2026-09-09T00:00:00+00:00,0,0,0,0,0,sem_partidas,,sem_partidas,
f0f989d2-bbeb-4bdf-bb3e-9a92b9039c27,w1sely,313,5,2026-09-02T00:00:00+00:00,2026-09-09T00:00:00+00:00,0,0,0,0,0,sem_partidas,,sem_partidas,
fddf0596-7573-4792-8012-79966c93689e,Licale,321,5,2026-09-02T00:00:00+00:00,2026-09-09T00:00:00+00:00,0,0,0,0,0,sem_partidas,,sem_partidas,
1efdfeb4-7237-4a34-837a-9b4657295a48,svemyy,338,5,2026-09-02T00:00:00+00:00,2026-09-09T00:00:00+00:00,0,0,0,0,0,sem_partidas,,sem_partidas,
c0216481-6d6f-4a69-b480-e1f3c4f0c36a,LECY89,343,5,2026-09-02T00:00:00+00:00,2026-09-09T00:00:00+00:00,0,0,0,0,0,sem_partidas,,sem_partidas,
a8efc434-5950-4621-8b51-72538fe6347d,dazzy-,350,5,2026-09-02T00:00:00+00:00,2026-09-09T00:00:00+00:00,0,0,0,0,0,sem_partidas,,sem_partidas,
58f68286-29eb-4108-97e5-2d8d96c65e05,mezii--,352,5,2026-09-02T00:00:00+00:00,2026-09-09T00:00:00+00:00,0,0,0,0,0,sem_partidas,,sem_partidas,
35c42621-9863-49d8-a9d3-98cd2ebd3695,Sdaim,371,5,2026-09-02T00:00:00+00:00,2026-09-09T00:00:00+00:00,5,93,60,1,6,dados_incompletos,,dados_incompletos,
0cf9c7b8-2003-404d-97d4-fa9b5fae1878,Jimpphat,375,5,2026-09-02T00:00:00+00:00,2026-09-09T00:00:00+00:00,0,0,0,0,0,sem_partidas,,sem_partidas,
c328112e-d19e-4dc2-b0d9-e95372a362e7,Hrdina1452,377,5,2026-09-02T00:00:00+00:00,2026-09-09T00:00:00+00:00,0,0,0,0,0,sem_partidas,,sem_partidas,
7dfc0c4c-28a0-4126-8b97-349ba09bc314,neptun59,389,5,2026-09-02T00:00:00+00:00,2026-09-09T00:00:00+00:00,16,347,263,1,17,dados_incompletos,,dados_incompletos,
e5b77795-ddbc-418b-a72a-e8e8e2787d54,eNs,411,5,2026-09-02T00:00:00+00:00,2026-09-09T00:00:00+00:00,0,0,0,0,0,sem_partidas,,sem_partidas,
13a07227-30a0-4590-9b66-e8e5841b7a8b,H4SAN4TOR,415,5,2026-09-02T00:00:00+00:00,2026-09-09T00:00:00+00:00,14,267,238,1,15,dados_incompletos,,dados_incompletos,
8dd252bc-7bed-4b80-a8af-08292429f90c,shaiK,424,5,2026-09-02T00:00:00+00:00,2026-09-09T00:00:00+00:00,0,0,0,0,0,sem_partidas,,sem_partidas,
01b56a15-1e5d-43ea-9173-8d2b812bc1c6,strixxxzz,425,5,2026-09-02T00:00:00+00:00,2026-09-09T00:00:00+00:00,28,593,402,1,29,dados_incompletos,,dados_incompletos,
6a8c42f1-b66d-49d3-a89a-d0fd7c11d544,CHANKY-,431,5,2026-09-02T00:00:00+00:00,2026-09-09T00:00:00+00:00,22,390,354,1,23,dados_incompletos,,dados_incompletos,
b88c11ce-6c1c-4caf-826c-a3781f5ef95f,r3td,442,5,2026-09-02T00:00:00+00:00,2026-09-09T00:00:00+00:00,46,719,716,1,47,dados_incompletos,,dados_incompletos,
41e2d7e1-a224-46b4-8565-cc04e4a9d1ea,crazed-_-,444,5,2026-09-02T00:00:00+00:00,2026-09-09T00:00:00+00:00,20,299,287,1,21,dados_incompletos,,dados_incompletos,
c03e59a1-785d-4821-8300-e84d2a30a99c,fez,451,5,2026-09-02T00:00:00+00:00,2026-09-09T00:00:00+00:00,0,0,0,0,0,sem_partidas,,sem_partidas,
6226a775-1377-48c3-bac5-3a772af824fb,inwayz-_-,461,5,2026-09-02T00:00:00+00:00,2026-09-09T00:00:00+00:00,0,0,0,0,0,sem_partidas,,sem_partidas,
31344471-a809-45c0-9190-fd6420769871,hallzerk,462,5,2026-09-02T00:00:00+00:00,2026-09-09T00:00:00+00:00,0,0,0,0,0,sem_partidas,,sem_partidas,
8a4b1c1b-7957-4b83-a18c-1dee110c4cfc,1nki7331,470,5,2026-09-02T00:00:00+00:00,2026-09-09T00:00:00+00:00,0,0,0,0,0,sem_partidas,,sem_partidas,
cab2a609-de2f-4023-a9c7-af89d5292c96,D0cC,493,5,2026-09-02T00:00:00+00:00,2026-09-09T00:00:00+00:00,0,0,0,0,0,sem_partidas,,sem_partidas,
b0bf2cc2-198a-4a78-988d-2e7ff7ee6815,Magnojezzz,17,6,2026-09-09T00:00:00+00:00,2026-09-16T00:00:00+00:00,0,0,0,0,0,sem_partidas,,sem_partidas,
24f68939-d90a-4e47-8e43-7e5137c86f48,stressarN,46,6,2026-09-09T00:00:00+00:00,2026-09-16T00:00:00+00:00,0,0,0,0,0,sem_partidas,,sem_partidas,
790ce1ad-38e3-4a45-b44a-5d33658102e6,qw1nk1,125,6,2026-09-09T00:00:00+00:00,2026-09-16T00:00:00+00:00,0,0,0,0,0,sem_partidas,,sem_partidas,
24636d00-25cc-4ab7-9cbd-67c633c08d0c,topo-,157,6,2026-09-09T00:00:00+00:00,2026-09-16T00:00:00+00:00,0,0,0,0,0,sem_partidas,,sem_partidas,
5e18dd12-2e40-48c4-a66f-886108f095ed,HeavyGod,166,6,2026-09-09T00:00:00+00:00,2026-09-16T00:00:00+00:00,0,0,0,0,0,sem_partidas,,sem_partidas,
95adb33f-5e6f-4c6d-be25-f2e8b1d9c628,Amarogo,187,6,2026-09-09T00:00:00+00:00,2026-09-16T00:00:00+00:00,0,0,0,0,0,sem_partidas,,sem_partidas,
9aad1747-b65d-4a0f-9a14-2ef947fe92b5,Sowalio,215,6,2026-09-09T00:00:00+00:00,2026-09-16T00:00:00+00:00,0,0,0,0,0,sem_partidas,,sem_partidas,
6db5e566-77ae-4c30-852d-4fa54c4445aa,Alv68,231,6,2026-09-09T00:00:00+00:00,2026-09-16T00:00:00+00:00,0,0,0,0,0,sem_partidas,,sem_partidas,
f3f50c96-9d1b-4642-9074-477a07e54507,-khaN,237,6,2026-09-09T00:00:00+00:00,2026-09-16T00:00:00+00:00,0,0,0,0,0,sem_partidas,,sem_partidas,
522ecdd7-5fe2-4bd5-9806-4c015b9a1f8a,dwushka,238,6,2026-09-09T00:00:00+00:00,2026-09-16T00:00:00+00:00,0,0,0,0,0,sem_partidas,,sem_partidas,
7def4124-36c7-4035-acb5-427ffa531be3,Dawy,262,6,2026-09-09T00:00:00+00:00,2026-09-16T00:00:00+00:00,0,0,0,0,0,sem_partidas,,sem_partidas,
14015a66-b368-4b90-994d-bcf6fa504f44,--_-_--_---_,265,6,2026-09-09T00:00:00+00:00,2026-09-16T00:00:00+00:00,0,0,0,0,0,sem_partidas,,sem_partidas,
209c88dc-d2e5-4dfd-a7b9-38900bb10a61,dod02k-,287,6,2026-09-09T00:00:00+00:00,2026-09-16T00:00:00+00:00,0,0,0,0,0,sem_partidas,,sem_partidas,
b63c3037-b9f3-471e-9065-5e33ebc28b6e,s1reN7,292,6,2026-09-09T00:00:00+00:00,2026-09-16T00:00:00+00:00,0,0,0,0,0,sem_partidas,,sem_partidas,
9d4d4f31-8168-4894-8574-0d6b9458fb8c,77nightlovel,297,6,2026-09-09T00:00:00+00:00,2026-09-16T00:00:00+00:00,0,0,0,0,0,sem_partidas,,sem_partidas,
fddf0596-7573-4792-8012-79966c93689e,Licale,321,6,2026-09-09T00:00:00+00:00,2026-09-16T00:00:00+00:00,0,0,0,0,0,sem_partidas,,sem_partidas,
8fc05816-4e4c-4df0-b6ab-4059965f95a5,feat-,337,6,2026-09-09T00:00:00+00:00,2026-09-16T00:00:00+00:00,0,0,0,0,0,sem_partidas,,sem_partidas,
1efdfeb4-7237-4a34-837a-9b4657295a48,svemyy,338,6,2026-09-09T00:00:00+00:00,2026-09-16T00:00:00+00:00,0,0,0,0,0,sem_partidas,,sem_partidas,
c0216481-6d6f-4a69-b480-e1f3c4f0c36a,LECY89,343,6,2026-09-09T00:00:00+00:00,2026-09-16T00:00:00+00:00,0,0,0,0,0,sem_partidas,,sem_partidas,
a8efc434-5950-4621-8b51-72538fe6347d,dazzy-,350,6,2026-09-09T00:00:00+00:00,2026-09-16T00:00:00+00:00,0,0,0,0,0,sem_partidas,,sem_partidas,
58f68286-29eb-4108-97e5-2d8d96c65e05,mezii--,352,6,2026-09-09T00:00:00+00:00,2026-09-16T00:00:00+00:00,0,0,0,0,0,sem_partidas,,sem_partidas,
dfa35d4d-f284-4ad2-9a7d-c3f0468b1e69,wignfan,353,6,2026-09-09T00:00:00+00:00,2026-09-16T00:00:00+00:00,0,0,0,0,0,sem_partidas,,sem_partidas,
6b52e429-611a-4cff-a329-79640d71dcf9,serrakura111,364,6,2026-09-09T00:00:00+00:00,2026-09-16T00:00:00+00:00,0,0,0,0,0,sem_partidas,,sem_partidas,
0cf9c7b8-2003-404d-97d4-fa9b5fae1878,Jimpphat,375,6,2026-09-09T00:00:00+00:00,2026-09-16T00:00:00+00:00,0,0,0,0,0,sem_partidas,,sem_partidas,
31a278ea-2af3-4101-baad-2bff533b5c01,Blytz_,414,6,2026-09-09T00:00:00+00:00,2026-09-16T00:00:00+00:00,0,0,0,0,0,sem_partidas,,sem_partidas,
685163c9-a0d4-41b9-8373-d0d2f26ab42b,kL1o,418,6,2026-09-09T00:00:00+00:00,2026-09-16T00:00:00+00:00,0,0,0,0,0,sem_partidas,,sem_partidas,
1ace868a-d60c-46b8-a61e-f51d40d0305b,lilpeepfan-,419,6,2026-09-09T00:00:00+00:00,2026-09-16T00:00:00+00:00,0,0,0,0,0,sem_partidas,,sem_partidas,
8dd252bc-7bed-4b80-a8af-08292429f90c,shaiK,424,6,2026-09-09T00:00:00+00:00,2026-09-16T00:00:00+00:00,0,0,0,0,0,sem_partidas,,sem_partidas,
07590cf0-6f1c-4a5c-b349-5af955627f30,kRaSnaI,463,6,2026-09-09T00:00:00+00:00,2026-09-16T00:00:00+00:00,0,0,0,0,0,sem_partidas,,sem_partidas,
7620a1ae-c74b-4677-80c1-3e551c8c3fb7,PYREXX-,464,6,2026-09-09T00:00:00+00:00,2026-09-16T00:00:00+00:00,0,0,0,0,0,sem_partidas,,sem_partidas,
43e675a8-d54e-42c4-b055-c0d2062bbf7e,YumsaN,468,6,2026-09-09T00:00:00+00:00,2026-09-16T00:00:00+00:00,0,0,0,0,0,sem_partidas,,sem_partidas,
8a4b1c1b-7957-4b83-a18c-1dee110c4cfc,1nki7331,470,6,2026-09-09T00:00:00+00:00,2026-09-16T00:00:00+00:00,0,0,0,0,0,sem_partidas,,sem_partidas,
ee612218-4533-4dbc-a8db-21192d8217b8,epeaj666,480,6,2026-09-09T00:00:00+00:00,2026-09-16T00:00:00+00:00,36,644,522,1,37,dados_incompletos,,dados_incompletos,
009623b1-dd6e-4551-959e-990a21657f93,Mzinho,51,7,2026-09-16T00:00:00+00:00,2026-09-23T00:00:00+00:00,0,0,0,0,0,sem_partidas,,sem_partidas,
553eaffc-58b4-4534-8310-cc19b37f72de,lattykk,55,7,2026-09-16T00:00:00+00:00,2026-09-23T00:00:00+00:00,0,0,0,0,0,sem_partidas,,sem_partidas,
93306681-bce6-4369-8c41-e0bdba2597ed,m0NESY,80,7,2026-09-16T00:00:00+00:00,2026-09-23T00:00:00+00:00,0,0,0,0,0,sem_partidas,,sem_partidas,
657680fd-36af-4fa3-a506-8e1f6e64a1ff,kensizor,84,7,2026-09-16T00:00:00+00:00,2026-09-23T00:00:00+00:00,2,41,23,1,3,dados_incompletos,,dados_incompletos,
07a67e4b-d42c-4352-802c-56f3d8a0c357,skept1K,94,7,2026-09-16T00:00:00+00:00,2026-09-23T00:00:00+00:00,0,0,0,0,0,sem_partidas,,sem_partidas,
74f9240e-fe24-4aac-aa37-53b2b5e804d8,-Staehr-,122,7,2026-09-16T00:00:00+00:00,2026-09-23T00:00:00+00:00,0,0,0,0,0,sem_partidas,,sem_partidas,
f858b6d9-5717-4335-8d4d-166a9fc305bc,Mride,145,7,2026-09-16T00:00:00+00:00,2026-09-23T00:00:00+00:00,0,0,0,0,0,sem_partidas,,sem_partidas,
5e18dd12-2e40-48c4-a66f-886108f095ed,HeavyGod,166,7,2026-09-16T00:00:00+00:00,2026-09-23T00:00:00+00:00,0,0,0,0,0,sem_partidas,,sem_partidas,
95adb33f-5e6f-4c6d-be25-f2e8b1d9c628,Amarogo,187,7,2026-09-16T00:00:00+00:00,2026-09-23T00:00:00+00:00,0,0,0,0,0,sem_partidas,,sem_partidas,
8e59e230-0935-4309-b335-a16211617ed7,SBolt-,226,7,2026-09-16T00:00:00+00:00,2026-09-23T00:00:00+00:00,0,0,0,0,0,sem_partidas,,sem_partidas,
6db5e566-77ae-4c30-852d-4fa54c4445aa,Alv68,231,7,2026-09-16T00:00:00+00:00,2026-09-23T00:00:00+00:00,0,0,0,0,0,sem_partidas,,sem_partidas,
c5cb1b85-4421-4436-9390-49fa05ce45e3,-Kaide,263,7,2026-09-16T00:00:00+00:00,2026-09-23T00:00:00+00:00,0,0,0,0,0,sem_partidas,,sem_partidas,
a4a6fdca-b125-4d3b-8d35-3ad098b6a1fe,KursySSJ4,264,7,2026-09-16T00:00:00+00:00,2026-09-23T00:00:00+00:00,0,0,0,0,0,sem_partidas,,sem_partidas,
de8546e3-f76c-4118-8671-2f0bed373ff4,Porya-,304,7,2026-09-16T00:00:00+00:00,2026-09-23T00:00:00+00:00,0,0,0,0,0,sem_partidas,,sem_partidas,
fddf0596-7573-4792-8012-79966c93689e,Licale,321,7,2026-09-16T00:00:00+00:00,2026-09-23T00:00:00+00:00,0,0,0,0,0,sem_partidas,,sem_partidas,
c0216481-6d6f-4a69-b480-e1f3c4f0c36a,LECY89,343,7,2026-09-16T00:00:00+00:00,2026-09-23T00:00:00+00:00,0,0,0,0,0,sem_partidas,,sem_partidas,
5e91d235-cef6-42c6-9b86-35560cc19e57,deeN--,345,7,2026-09-16T00:00:00+00:00,2026-09-23T00:00:00+00:00,0,0,0,0,0,sem_partidas,,sem_partidas,
a3e05af2-cb94-4de5-b56c-e5b30bde9f0c,S3NSEYZjE,354,7,2026-09-16T00:00:00+00:00,2026-09-23T00:00:00+00:00,0,0,0,0,0,sem_partidas,,sem_partidas,
6b52e429-611a-4cff-a329-79640d71dcf9,serrakura111,364,7,2026-09-16T00:00:00+00:00,2026-09-23T00:00:00+00:00,0,0,0,0,0,sem_partidas,,sem_partidas,
0cf9c7b8-2003-404d-97d4-fa9b5fae1878,Jimpphat,375,7,2026-09-16T00:00:00+00:00,2026-09-23T00:00:00+00:00,0,0,0,0,0,sem_partidas,,sem_partidas,
a6b1e85a-0d17-4fa3-9c08-900211bf7692,mattloo,376,7,2026-09-16T00:00:00+00:00,2026-09-23T00:00:00+00:00,0,0,0,0,0,sem_partidas,,sem_partidas,
3bd30889-be3f-49cf-817f-1399c887f2d9,zeRRoFIX,390,7,2026-09-16T00:00:00+00:00,2026-09-23T00:00:00+00:00,0,0,0,0,0,sem_partidas,,sem_partidas,
a421bf0b-db37-4194-8d57-59aa2cab64a0,NaYz,408,7,2026-09-16T00:00:00+00:00,2026-09-23T00:00:00+00:00,0,0,0,0,0,sem_partidas,,sem_partidas,
31a278ea-2af3-4101-baad-2bff533b5c01,Blytz_,414,7,2026-09-16T00:00:00+00:00,2026-09-23T00:00:00+00:00,0,0,0,0,0,sem_partidas,,sem_partidas,
53771794-0678-4e00-b12b-605404c711f0,icntflmfce,428,7,2026-09-16T00:00:00+00:00,2026-09-23T00:00:00+00:00,0,0,0,0,0,sem_partidas,,sem_partidas,
6a8c42f1-b66d-49d3-a89a-d0fd7c11d544,CHANKY-,431,7,2026-09-16T00:00:00+00:00,2026-09-23T00:00:00+00:00,0,0,0,0,0,sem_partidas,,sem_partidas,
47444e4a-3a2e-4952-a6d8-eb535f3f9c82,Something,439,7,2026-09-16T00:00:00+00:00,2026-09-23T00:00:00+00:00,0,0,0,0,0,sem_partidas,,sem_partidas,
45a216c4-0a48-4475-9e16-4548a1ab8a63,-guty,458,7,2026-09-16T00:00:00+00:00,2026-09-23T00:00:00+00:00,0,0,0,0,0,sem_partidas,,sem_partidas,
31344471-a809-45c0-9190-fd6420769871,hallzerk,462,7,2026-09-16T00:00:00+00:00,2026-09-23T00:00:00+00:00,0,0,0,0,0,sem_partidas,,sem_partidas,
43e675a8-d54e-42c4-b055-c0d2062bbf7e,YumsaN,468,7,2026-09-16T00:00:00+00:00,2026-09-23T00:00:00+00:00,0,0,0,0,0,sem_partidas,,sem_partidas,
f02fe0de-fda4-490e-8048-a33cd7a47b54,Jayy2s,490,7,2026-09-16T00:00:00+00:00,2026-09-23T00:00:00+00:00,0,0,0,0,0,sem_partidas,,sem_partidas,
72e06938-b0cd-43d3-90d7-7db513dcfa0f,la3euka,100,8,2026-09-23T00:00:00+00:00,2026-09-30T00:00:00+00:00,0,0,0,0,0,sem_partidas,,sem_partidas,
ad239f19-d904-4771-8e6b-5a6c071bb94c,tO0RO,103,8,2026-09-23T00:00:00+00:00,2026-09-30T00:00:00+00:00,0,0,0,0,0,sem_partidas,,sem_partidas,
d649f36b-8ea1-4f0b-b326-a631f8508938,-Kunai,105,8,2026-09-23T00:00:00+00:00,2026-09-30T00:00:00+00:00,0,0,0,0,0,sem_partidas,,sem_partidas,
b6daa950-11e5-4f51-b58e-b4e01e112500,sirah,118,8,2026-09-23T00:00:00+00:00,2026-09-30T00:00:00+00:00,0,0,0,0,0,sem_partidas,,sem_partidas,
a99dd5a7-45a6-4019-8bc6-0f30fd554ef5,aidKiT,153,8,2026-09-23T00:00:00+00:00,2026-09-30T00:00:00+00:00,0,0,0,0,0,sem_partidas,,sem_partidas,
86383974-b132-48a2-a66f-cf9d3a3d68fd,tENZY,205,8,2026-09-23T00:00:00+00:00,2026-09-30T00:00:00+00:00,0,0,0,0,0,sem_partidas,,sem_partidas,
6db5e566-77ae-4c30-852d-4fa54c4445aa,Alv68,231,8,2026-09-23T00:00:00+00:00,2026-09-30T00:00:00+00:00,0,0,0,0,0,sem_partidas,,sem_partidas,
7def4124-36c7-4035-acb5-427ffa531be3,Dawy,262,8,2026-09-23T00:00:00+00:00,2026-09-30T00:00:00+00:00,0,0,0,0,0,sem_partidas,,sem_partidas,
c5cb1b85-4421-4436-9390-49fa05ce45e3,-Kaide,263,8,2026-09-23T00:00:00+00:00,2026-09-30T00:00:00+00:00,0,0,0,0,0,sem_partidas,,sem_partidas,
40846b8f-7a3f-4f9f-af8b-85d118c2774a,myltsi,281,8,2026-09-23T00:00:00+00:00,2026-09-30T00:00:00+00:00,0,0,0,0,0,sem_partidas,,sem_partidas,
9d4d4f31-8168-4894-8574-0d6b9458fb8c,77nightlovel,297,8,2026-09-23T00:00:00+00:00,2026-09-30T00:00:00+00:00,0,0,0,0,0,sem_partidas,,sem_partidas,
086df609-d086-4b83-9474-4347714e1f76,Fessor,302,8,2026-09-23T00:00:00+00:00,2026-09-30T00:00:00+00:00,0,0,0,0,0,sem_partidas,,sem_partidas,
fddf0596-7573-4792-8012-79966c93689e,Licale,321,8,2026-09-23T00:00:00+00:00,2026-09-30T00:00:00+00:00,0,0,0,0,0,sem_partidas,,sem_partidas,
3b6a98b3-fd37-42ec-9d14-3ca58a1e54ef,sh4shlick,332,8,2026-09-23T00:00:00+00:00,2026-09-30T00:00:00+00:00,49,822,806,1,50,dados_incompletos,,dados_incompletos,
400661b5-8cc7-4c40-9dcc-d1695b2047f6,Jisoo,341,8,2026-09-23T00:00:00+00:00,2026-09-30T00:00:00+00:00,0,0,0,0,0,sem_partidas,,sem_partidas,
c0216481-6d6f-4a69-b480-e1f3c4f0c36a,LECY89,343,8,2026-09-23T00:00:00+00:00,2026-09-30T00:00:00+00:00,0,0,0,0,0,sem_partidas,,sem_partidas,
5e91d235-cef6-42c6-9b86-35560cc19e57,deeN--,345,8,2026-09-23T00:00:00+00:00,2026-09-30T00:00:00+00:00,0,0,0,0,0,sem_partidas,,sem_partidas,
58f68286-29eb-4108-97e5-2d8d96c65e05,mezii--,352,8,2026-09-23T00:00:00+00:00,2026-09-30T00:00:00+00:00,0,0,0,0,0,sem_partidas,,sem_partidas,
5d834b85-5d4f-441a-a0e2-a88713818bc8,ottob,355,8,2026-09-23T00:00:00+00:00,2026-09-30T00:00:00+00:00,0,0,0,0,0,sem_partidas,,sem_partidas,
2fe13779-4813-4886-975b-a23d66c22b50,rec1se,357,8,2026-09-23T00:00:00+00:00,2026-09-30T00:00:00+00:00,0,0,0,0,0,sem_partidas,,sem_partidas,
6b52e429-611a-4cff-a329-79640d71dcf9,serrakura111,364,8,2026-09-23T00:00:00+00:00,2026-09-30T00:00:00+00:00,0,0,0,0,0,sem_partidas,,sem_partidas,
0cf9c7b8-2003-404d-97d4-fa9b5fae1878,Jimpphat,375,8,2026-09-23T00:00:00+00:00,2026-09-30T00:00:00+00:00,0,0,0,0,0,sem_partidas,,sem_partidas,
8f97a4ca-0315-4386-a97d-4ec6b74a432a,F0R3VER-,403,8,2026-09-23T00:00:00+00:00,2026-09-30T00:00:00+00:00,0,0,0,0,0,sem_partidas,,sem_partidas,
b65ca382-cb8c-42a2-aeb7-822fb72cb9a7,iffo,417,8,2026-09-23T00:00:00+00:00,2026-09-30T00:00:00+00:00,0,0,0,0,0,sem_partidas,,sem_partidas,
685163c9-a0d4-41b9-8373-d0d2f26ab42b,kL1o,418,8,2026-09-23T00:00:00+00:00,2026-09-30T00:00:00+00:00,0,0,0,0,0,sem_partidas,,sem_partidas,
8dd252bc-7bed-4b80-a8af-08292429f90c,shaiK,424,8,2026-09-23T00:00:00+00:00,2026-09-30T00:00:00+00:00,0,0,0,0,0,sem_partidas,,sem_partidas,
6a8c42f1-b66d-49d3-a89a-d0fd7c11d544,CHANKY-,431,8,2026-09-23T00:00:00+00:00,2026-09-30T00:00:00+00:00,0,0,0,0,0,sem_partidas,,sem_partidas,
c03e59a1-785d-4821-8300-e84d2a30a99c,fez,451,8,2026-09-23T00:00:00+00:00,2026-09-30T00:00:00+00:00,0,0,0,0,0,sem_partidas,,sem_partidas,
24d172ce-17ac-4473-9bbf-604230499642,kaneko999,459,8,2026-09-23T00:00:00+00:00,2026-09-30T00:00:00+00:00,21,345,300,1,22,dados_incompletos,,dados_incompletos,
31344471-a809-45c0-9190-fd6420769871,hallzerk,462,8,2026-09-23T00:00:00+00:00,2026-09-30T00:00:00+00:00,0,0,0,0,0,sem_partidas,,sem_partidas,
07590cf0-6f1c-4a5c-b349-5af955627f30,kRaSnaI,463,8,2026-09-23T00:00:00+00:00,2026-09-30T00:00:00+00:00,0,0,0,0,0,sem_partidas,,sem_partidas,
43e675a8-d54e-42c4-b055-c0d2062bbf7e,YumsaN,468,8,2026-09-23T00:00:00+00:00,2026-09-30T00:00:00+00:00,0,0,0,0,0,sem_partidas,,sem_partidas,
8a4b1c1b-7957-4b83-a18c-1dee110c4cfc,1nki7331,470,8,2026-09-23T00:00:00+00:00,2026-09-30T00:00:00+00:00,0,0,0,0,0,sem_partidas,,sem_partidas,
2d83d2dc-abfd-490e-b05e-0019887cf33c,731MusorDrop,473,8,2026-09-23T00:00:00+00:00,2026-09-30T00:00:00+00:00,0,0,0,0,0,sem_partidas,,sem_partidas,
15371e7d-a30d-4b6a-80d8-d8ca1b8cbc43,stavnmagi,481,8,2026-09-23T00:00:00+00:00,2026-09-30T00:00:00+00:00,0,0,0,0,0,sem_partidas,,sem_partidas,
cc4540db-0be4-43d7-869d-0a10573e8902,PleaseF1xMe,499,8,2026-09-23T00:00:00+00:00,2026-09-30T00:00:00+00:00,34,556,504,1,35,dados_incompletos,,dados_incompletos,
