week,matches,kd,classification,percentile,minimum_matches,analyzed_players,median,upper_bound
1,29,1.4592760180995474,normal,92.29024943310658,1,441,1.1660377358490566,1.6287329017437608
2,7,1.651685393258427,normal,97.18614718614718,1,462,1.2018981348046278,1.6939648795786733
3,5,1.1573033707865168,normal,40.81196581196581,1,468,1.196296155165187,1.6508280499992731
4,16,,dados_incompletos,,1,463,1.1990291262135921,1.6820916014316378
5,21,1.4472049689440993,normal,89.93435448577681,1,457,1.1862745098039216,1.6265834238146941
6,5,1.9848484848484849,outlier_positivo,98.92933618843684,1,467,1.1796875,1.6689707576193813
7,29,1.796116504854369,outlier_positivo,98.50746268656717,1,469,1.1949404761904763,1.6541906516233014
8,7,1.5,normal,93.75,1,464,1.1852868713869342,1.619569613040095
1,29,1.4592760180995474,normal,92.92682926829269,5,410,1.1644957983193278,1.617676888415469
2,7,1.651685393258427,normal,98.32935560859188,5,419,1.196875,1.6757663198108754
3,5,1.1573033707865168,normal,41.60919540229885,5,435,1.1902985074626866,1.6243950051049731
4,16,,dados_incompletos,,5,427,1.194915254237288,1.6616078442374596
5,21,1.4472049689440993,normal,91.85185185185185,5,405,1.1886792452830188,1.6088521254145314
6,5,1.9848484848484849,outlier_positivo,99.51456310679612,5,412,1.1775359666141962,1.6284450918597266
7,29,1.796116504854369,outlier_positivo,99.53161592505855,5,427,1.1914893617021276,1.6144381927645393
8,7,1.5,normal,94.73684210526315,5,418,1.184923174349232,1.6033793277998725
1,29,1.4592760180995474,normal,95.27777777777777,10,360,1.1563556253017866,1.583403936892637
2,7,,partidas_insuficientes,,10,359,1.1954022988505748,1.6458008734626912
3,5,,partidas_insuficientes,,10,369,1.1830417227456258,1.5807714367651275
4,16,,dados_incompletos,,10,349,1.178343949044586,1.6232691376171307
5,21,1.4472049689440993,normal,93.35347432024169,10,331,1.171875,1.578937728487381
6,5,,partidas_insuficientes,,10,340,1.1766437370020797,1.6001915433731972
7,29,1.796116504854369,outlier_positivo,100.0,10,359,1.1878453038674033,1.583122574028784
8,7,,partidas_insuficientes,,10,334,1.184497221919599,1.586838688048688
