player_id,player,match_id,finished_at,competition_id,kills,deaths,source_url
e5e8e2a6-d716-4493-b949-e16965f41654,donk666,1-5eb8f675-cc01-4213-bd0e-49b6cad0c9b1,2026-08-06T23:20:20+00:00,f4148ddd-bce8-41b8-9131-ee83afcdd6dd,23,16,https://open.faceit.com/data/v4/matches/1-5eb8f675-cc01-4213-bd0e-49b6cad0c9b1/stats
e5e8e2a6-d716-4493-b949-e16965f41654,donk666,1-e37b6864-5326-40b8-8869-20bac0f8986b,2026-08-06T22:38:30+00:00,f4148ddd-bce8-41b8-9131-ee83afcdd6dd,28,16,https://open.faceit.com/data/v4/matches/1-e37b6864-5326-40b8-8869-20bac0f8986b/stats
e5e8e2a6-d716-4493-b949-e16965f41654,donk666,1-463afa3e-1c32-4004-b801-dd552a64c15d,2026-08-06T21:41:56+00:00,f4148ddd-bce8-41b8-9131-ee83afcdd6dd,21,13,https://open.faceit.com/data/v4/matches/1-463afa3e-1c32-4004-b801-dd552a64c15d/stats
e5e8e2a6-d716-4493-b949-e16965f41654,donk666,1-a06dff3e-fa84-41ac-ae10-347262bd61ae,2026-08-06T21:10:53+00:00,f4148ddd-bce8-41b8-9131-ee83afcdd6dd,36,24,https://open.faceit.com/data/v4/matches/1-a06dff3e-fa84-41ac-ae10-347262bd61ae/stats
e5e8e2a6-d716-4493-b949-e16965f41654,donk666,1-5c66550e-7913-4d19-ab04-1efca6e8a215,2026-08-06T20:13:53+00:00,f4148ddd-bce8-41b8-9131-ee83afcdd6dd,21,15,https://open.faceit.com/data/v4/matches/1-5c66550e-7913-4d19-ab04-1efca6e8a215/stats
e5e8e2a6-d716-4493-b949-e16965f41654,donk666,1-fbd19a73-d138-4543-b6d4-eb94eaab5e14,2026-08-05T23:35:08+00:00,f4148ddd-bce8-41b8-9131-ee83afcdd6dd,25,23,https://open.faceit.com/data/v4/matches/1-fbd19a73-d138-4543-b6d4-eb94eaab5e14/stats
e5e8e2a6-d716-4493-b949-e16965f41654,donk666,1-8be34658-7cff-45ca-9295-b602c1ff5433,2026-08-05T22:37:07+00:00,f4148ddd-bce8-41b8-9131-ee83afcdd6dd,22,15,https://open.faceit.com/data/v4/matches/1-8be34658-7cff-45ca-9295-b602c1ff5433/stats
e5e8e2a6-d716-4493-b949-e16965f41654,donk666,1-41a1ff33-2c67-46db-afac-e80c8924db47,2026-08-05T21:46:37+00:00,f4148ddd-bce8-41b8-9131-ee83afcdd6dd,26,14,https://open.faceit.com/data/v4/matches/1-41a1ff33-2c67-46db-afac-e80c8924db47/stats
e5e8e2a6-d716-4493-b949-e16965f41654,donk666,1-7791ae1c-565b-4fe5-8696-e57e3731a444,2026-08-05T21:03:59+00:00,431833cc-342b-45aa-ac39-a25ec1ac6789,16,17,https://open.faceit.com/data/v4/matches/1-7791ae1c-565b-4fe5-8696-e57e3731a444/stats
e5e8e2a6-d716-4493-b949-e16965f41654,donk666,1-17d6d836-ecac-473c-b61d-c9e56c1eb547,2026-08-05T20:03:03+00:00,431833cc-342b-45aa-ac39-a25ec1ac6789,23,16,https://open.faceit.com/data/v4/matches/1-17d6d836-ecac-473c-b61d-c9e56c1eb547/stats
e5e8e2a6-d716-4493-b949-e16965f41654,donk666,1-cb9257ee-0a7d-48e7-b064-94bcd6be8b77,2026-08-05T19:14:53+00:00,431833cc-342b-45aa-ac39-a25ec1ac6789,15,14,https://open.faceit.com/data/v4/matches/1-cb9257ee-0a7d-48e7-b064-94bcd6be8b77/stats
e5e8e2a6-d716-4493-b949-e16965f41654,donk666,1-7a2431ee-8f1a-4581-b1ef-57ed99d446af,2026-08-05T18:29:16+00:00,431833cc-342b-45aa-ac39-a25ec1ac6789,17,16,https://open.faceit.com/data/v4/matches/1-7a2431ee-8f1a-4581-b1ef-57ed99d446af/stats
e5e8e2a6-d716-4493-b949-e16965f41654,donk666,1-711864b1-273d-4f3a-b813-87a1993a9f75,2026-08-04T20:44:07+00:00,f4148ddd-bce8-41b8-9131-ee83afcdd6dd,31,21,https://open.faceit.com/data/v4/matches/1-711864b1-273d-4f3a-b813-87a1993a9f75/stats
e5e8e2a6-d716-4493-b949-e16965f41654,donk666,1-da8ef181-0fb2-4009-8ca5-2f52f7b93f32,2026-08-04T01:54:35+00:00,f4148ddd-bce8-41b8-9131-ee83afcdd6dd,34,11,https://open.faceit.com/data/v4/matches/1-da8ef181-0fb2-4009-8ca5-2f52f7b93f32/stats
e5e8e2a6-d716-4493-b949-e16965f41654,donk666,1-bc4ef378-904d-48d7-abca-e15e30e32359,2026-08-03T23:11:51+00:00,f4148ddd-bce8-41b8-9131-ee83afcdd6dd,24,19,https://open.faceit.com/data/v4/matches/1-bc4ef378-904d-48d7-abca-e15e30e32359/stats
e5e8e2a6-d716-4493-b949-e16965f41654,donk666,1-5d2fb638-cc2d-4fca-9e0d-383537532cd0,2026-08-03T21:41:31+00:00,f4148ddd-bce8-41b8-9131-ee83afcdd6dd,30,15,https://open.faceit.com/data/v4/matches/1-5d2fb638-cc2d-4fca-9e0d-383537532cd0/stats
e5e8e2a6-d716-4493-b949-e16965f41654,donk666,1-02f245cf-0f54-40d0-8b5e-0aee19d8662c,2026-07-31T18:33:56+00:00,f4148ddd-bce8-41b8-9131-ee83afcdd6dd,20,7,https://open.faceit.com/data/v4/matches/1-02f245cf-0f54-40d0-8b5e-0aee19d8662c/stats
e5e8e2a6-d716-4493-b949-e16965f41654,donk666,1-dfe6292c-5fc0-4f2d-89c2-5426ed5eb8aa,2026-07-30T21:50:26+00:00,f4148ddd-bce8-41b8-9131-ee83afcdd6dd,24,14,https://open.faceit.com/data/v4/matches/1-dfe6292c-5fc0-4f2d-89c2-5426ed5eb8aa/stats
e5e8e2a6-d716-4493-b949-e16965f41654,donk666,1-a7d5a458-bd57-4902-b6e3-ac0347d918a6,2026-07-30T20:04:00+00:00,f4148ddd-bce8-41b8-9131-ee83afcdd6dd,21,15,https://open.faceit.com/data/v4/matches/1-a7d5a458-bd57-4902-b6e3-ac0347d918a6/stats
e5e8e2a6-d716-4493-b949-e16965f41654,donk666,1-6b887ada-8669-41ec-b64b-3ac0d07a6ccf,2026-07-29T19:15:58+00:00,f4148ddd-bce8-41b8-9131-ee83afcdd6dd,19,12,https://open.faceit.com/data/v4/matches/1-6b887ada-8669-41ec-b64b-3ac0d07a6ccf/stats
e5e8e2a6-d716-4493-b949-e16965f41654,donk666,1-94115ba8-acdd-464a-818e-803066241b84,2026-07-29T18:19:00+00:00,f4148ddd-bce8-41b8-9131-ee83afcdd6dd,23,5,https://open.faceit.com/data/v4/matches/1-94115ba8-acdd-464a-818e-803066241b84/stats
e5e8e2a6-d716-4493-b949-e16965f41654,donk666,1-d3134c21-70b8-483c-8e11-2fea75f0ae3e,2026-07-28T15:34:02+00:00,f4148ddd-bce8-41b8-9131-ee83afcdd6dd,27,14,https://open.faceit.com/data/v4/matches/1-d3134c21-70b8-483c-8e11-2fea75f0ae3e/stats
e5e8e2a6-d716-4493-b949-e16965f41654,donk666,1-ed50aad9-ec17-4dff-8d70-124e42218279,2026-07-28T00:47:15+00:00,f4148ddd-bce8-41b8-9131-ee83afcdd6dd,17,14,https://open.faceit.com/data/v4/matches/1-ed50aad9-ec17-4dff-8d70-124e42218279/stats
e5e8e2a6-d716-4493-b949-e16965f41654,donk666,1-ee0d4951-e6df-45e3-8847-913e161df3d6,2026-07-27T19:48:32+00:00,f4148ddd-bce8-41b8-9131-ee83afcdd6dd,26,14,https://open.faceit.com/data/v4/matches/1-ee0d4951-e6df-45e3-8847-913e161df3d6/stats
e5e8e2a6-d716-4493-b949-e16965f41654,donk666,1-6d27d330-d2d4-422f-8c6d-82583435a003,2026-07-27T19:01:27+00:00,f4148ddd-bce8-41b8-9131-ee83afcdd6dd,8,16,https://open.faceit.com/data/v4/matches/1-6d27d330-d2d4-422f-8c6d-82583435a003/stats
e5e8e2a6-d716-4493-b949-e16965f41654,donk666,1-8e6d13fe-c62e-48dc-9c9f-01b8d0c91047,2026-07-27T16:01:20+00:00,f4148ddd-bce8-41b8-9131-ee83afcdd6dd,47,30,https://open.faceit.com/data/v4/matches/1-8e6d13fe-c62e-48dc-9c9f-01b8d0c91047/stats
e5e8e2a6-d716-4493-b949-e16965f41654,donk666,1-a6b4f945-cd7a-4b9f-8a3d-a17132586236,2026-07-26T14:37:38+00:00,f4148ddd-bce8-41b8-9131-ee83afcdd6dd,22,10,https://open.faceit.com/data/v4/matches/1-a6b4f945-cd7a-4b9f-8a3d-a17132586236/stats
e5e8e2a6-d716-4493-b949-e16965f41654,donk666,1-2e9d0aae-27ed-45b7-a08e-295b04ffa36d,2026-07-25T20:17:55+00:00,f4148ddd-bce8-41b8-9131-ee83afcdd6dd,39,22,https://open.faceit.com/data/v4/matches/1-2e9d0aae-27ed-45b7-a08e-295b04ffa36d/stats
e5e8e2a6-d716-4493-b949-e16965f41654,donk666,1-341cdd0d-eeb9-4824-b28c-de11d8095f31,2026-07-23T16:07:43+00:00,f4148ddd-bce8-41b8-9131-ee83afcdd6dd,18,10,https://open.faceit.com/data/v4/matches/1-341cdd0d-eeb9-4824-b28c-de11d8095f31/stats
e5e8e2a6-d716-4493-b949-e16965f41654,donk666,1-4545162f-431a-429e-bb4b-415cd0c8f85c,2026-07-22T22:25:51+00:00,f4148ddd-bce8-41b8-9131-ee83afcdd6dd,12,16,https://open.faceit.com/data/v4/matches/1-4545162f-431a-429e-bb4b-415cd0c8f85c/stats
e5e8e2a6-d716-4493-b949-e16965f41654,donk666,1-fc6c7020-a614-4ee7-9f88-8134a95eeb52,2026-07-22T18:12:06+00:00,f4148ddd-bce8-41b8-9131-ee83afcdd6dd,18,10,https://open.faceit.com/data/v4/matches/1-fc6c7020-a614-4ee7-9f88-8134a95eeb52/stats
e5e8e2a6-d716-4493-b949-e16965f41654,donk666,1-c8aaaac4-7be9-4e2f-8664-19e1c3152cc0,2026-07-20T19:26:41+00:00,f4148ddd-bce8-41b8-9131-ee83afcdd6dd,40,29,https://open.faceit.com/data/v4/matches/1-c8aaaac4-7be9-4e2f-8664-19e1c3152cc0/stats
e5e8e2a6-d716-4493-b949-e16965f41654,donk666,1-9ee7de08-444a-4617-99a7-3fd5974de4f1,2026-07-17T18:27:48+00:00,f4148ddd-bce8-41b8-9131-ee83afcdd6dd,25,12,https://open.faceit.com/data/v4/matches/1-9ee7de08-444a-4617-99a7-3fd5974de4f1/stats
e5e8e2a6-d716-4493-b949-e16965f41654,donk666,1-d39ca32c-c4dc-4e98-8aa0-102ad5491bcb,2026-07-14T21:35:51+00:00,f4148ddd-bce8-41b8-9131-ee83afcdd6dd,27,16,https://open.faceit.com/data/v4/matches/1-d39ca32c-c4dc-4e98-8aa0-102ad5491bcb/stats
e5e8e2a6-d716-4493-b949-e16965f41654,donk666,1-ade90fc6-62b9-45f6-9c6c-3ec7636dbc49,2026-07-14T20:37:01+00:00,f4148ddd-bce8-41b8-9131-ee83afcdd6dd,27,24,https://open.faceit.com/data/v4/matches/1-ade90fc6-62b9-45f6-9c6c-3ec7636dbc49/stats
e5e8e2a6-d716-4493-b949-e16965f41654,donk666,1-0657af6e-c796-4fdd-bc77-42f4c29add00,2026-07-13T21:44:36+00:00,f4148ddd-bce8-41b8-9131-ee83afcdd6dd,24,10,https://open.faceit.com/data/v4/matches/1-0657af6e-c796-4fdd-bc77-42f4c29add00/stats
e5e8e2a6-d716-4493-b949-e16965f41654,donk666,1-cf3c71ff-6ac3-4eb2-bf6f-18e683489395,2026-07-12T20:55:41+00:00,f4148ddd-bce8-41b8-9131-ee83afcdd6dd,27,11,https://open.faceit.com/data/v4/matches/1-cf3c71ff-6ac3-4eb2-bf6f-18e683489395/stats
e5e8e2a6-d716-4493-b949-e16965f41654,donk666,1-f0deeb80-2601-4341-9009-c8a5b479338d,2026-07-11T21:12:10+00:00,f4148ddd-bce8-41b8-9131-ee83afcdd6dd,28,14,https://open.faceit.com/data/v4/matches/1-f0deeb80-2601-4341-9009-c8a5b479338d/stats
e5e8e2a6-d716-4493-b949-e16965f41654,donk666,1-aa6dca90-849b-4e12-8968-ab8c0e119122,2026-07-11T19:28:43+00:00,f4148ddd-bce8-41b8-9131-ee83afcdd6dd,20,13,https://open.faceit.com/data/v4/matches/1-aa6dca90-849b-4e12-8968-ab8c0e119122/stats
e5e8e2a6-d716-4493-b949-e16965f41654,donk666,1-8256cf5e-e422-423c-91a7-2c6989f2a72b,2026-07-10T23:33:37+00:00,f4148ddd-bce8-41b8-9131-ee83afcdd6dd,26,12,https://open.faceit.com/data/v4/matches/1-8256cf5e-e422-423c-91a7-2c6989f2a72b/stats
e5e8e2a6-d716-4493-b949-e16965f41654,donk666,1-c5c3647d-2a4e-4f13-b90a-b699adef7428,2026-07-10T18:36:13+00:00,f4148ddd-bce8-41b8-9131-ee83afcdd6dd,35,25,https://open.faceit.com/data/v4/matches/1-c5c3647d-2a4e-4f13-b90a-b699adef7428/stats
e5e8e2a6-d716-4493-b949-e16965f41654,donk666,1-f9103fa3-5878-4606-ae8a-7381d2945e02,2026-07-10T17:22:11+00:00,f4148ddd-bce8-41b8-9131-ee83afcdd6dd,23,12,https://open.faceit.com/data/v4/matches/1-f9103fa3-5878-4606-ae8a-7381d2945e02/stats
e5e8e2a6-d716-4493-b949-e16965f41654,donk666,1-57e7b446-5309-413c-9e21-c1432663469f,2026-07-10T16:39:43+00:00,f4148ddd-bce8-41b8-9131-ee83afcdd6dd,29,23,https://open.faceit.com/data/v4/matches/1-57e7b446-5309-413c-9e21-c1432663469f/stats
e5e8e2a6-d716-4493-b949-e16965f41654,donk666,1-7057223c-7f46-4d46-8b8d-8909e719fd4d,2026-07-10T15:45:05+00:00,f4148ddd-bce8-41b8-9131-ee83afcdd6dd,14,13,https://open.faceit.com/data/v4/matches/1-7057223c-7f46-4d46-8b8d-8909e719fd4d/stats
e5e8e2a6-d716-4493-b949-e16965f41654,donk666,1-c2079ab8-d2fb-4cb3-8469-062d35b39eca,2026-07-09T16:53:18+00:00,f4148ddd-bce8-41b8-9131-ee83afcdd6dd,25,14,https://open.faceit.com/data/v4/matches/1-c2079ab8-d2fb-4cb3-8469-062d35b39eca/stats
e5e8e2a6-d716-4493-b949-e16965f41654,donk666,1-1436d81e-a37f-4c1d-b517-8e7a683591a3,2026-07-09T16:11:18+00:00,f4148ddd-bce8-41b8-9131-ee83afcdd6dd,6,3,https://open.faceit.com/data/v4/matches/1-1436d81e-a37f-4c1d-b517-8e7a683591a3/stats
e5e8e2a6-d716-4493-b949-e16965f41654,donk666,1-58592a32-1852-40f5-a078-19887850a75b,2026-07-09T15:39:03+00:00,f4148ddd-bce8-41b8-9131-ee83afcdd6dd,29,11,https://open.faceit.com/data/v4/matches/1-58592a32-1852-40f5-a078-19887850a75b/stats
e5e8e2a6-d716-4493-b949-e16965f41654,donk666,1-e999c603-f4d9-4412-9c34-0d14f7eb50fb,2026-07-09T15:00:22+00:00,f4148ddd-bce8-41b8-9131-ee83afcdd6dd,25,12,https://open.faceit.com/data/v4/matches/1-e999c603-f4d9-4412-9c34-0d14f7eb50fb/stats
e5e8e2a6-d716-4493-b949-e16965f41654,donk666,1-4d2a70d9-af8f-4329-a3f7-f922223aff5f,2026-07-08T23:03:27+00:00,f4148ddd-bce8-41b8-9131-ee83afcdd6dd,27,19,https://open.faceit.com/data/v4/matches/1-4d2a70d9-af8f-4329-a3f7-f922223aff5f/stats
e5e8e2a6-d716-4493-b949-e16965f41654,donk666,1-b6b9fce5-5a5e-452e-b1e5-3f041b693b97,2026-07-08T22:10:04+00:00,f4148ddd-bce8-41b8-9131-ee83afcdd6dd,31,18,https://open.faceit.com/data/v4/matches/1-b6b9fce5-5a5e-452e-b1e5-3f041b693b97/stats
e5e8e2a6-d716-4493-b949-e16965f41654,donk666,1-b735300d-ed00-4b0d-9896-a4f46e1c0065,2026-07-08T20:48:34+00:00,f4148ddd-bce8-41b8-9131-ee83afcdd6dd,29,17,https://open.faceit.com/data/v4/matches/1-b735300d-ed00-4b0d-9896-a4f46e1c0065/stats
e5e8e2a6-d716-4493-b949-e16965f41654,donk666,1-995255ef-7418-4ecf-9c59-37404fe2eaaa,2026-07-08T14:01:25+00:00,f4148ddd-bce8-41b8-9131-ee83afcdd6dd,16,15,https://open.faceit.com/data/v4/matches/1-995255ef-7418-4ecf-9c59-37404fe2eaaa/stats
e5e8e2a6-d716-4493-b949-e16965f41654,donk666,1-a4a676c0-2b7a-4028-8088-00cc0b516949,2026-07-06T21:07:03+00:00,f4148ddd-bce8-41b8-9131-ee83afcdd6dd,26,11,https://open.faceit.com/data/v4/matches/1-a4a676c0-2b7a-4028-8088-00cc0b516949/stats
e5e8e2a6-d716-4493-b949-e16965f41654,donk666,1-07ce4851-3a0f-48e1-841c-4209511bd4d8,2026-07-06T20:21:04+00:00,f4148ddd-bce8-41b8-9131-ee83afcdd6dd,30,13,https://open.faceit.com/data/v4/matches/1-07ce4851-3a0f-48e1-841c-4209511bd4d8/stats
e5e8e2a6-d716-4493-b949-e16965f41654,donk666,1-d81eacd3-9c9f-4dc0-bd9d-789a95f71c48,2026-07-02T16:14:51+00:00,f4148ddd-bce8-41b8-9131-ee83afcdd6dd,27,13,https://open.faceit.com/data/v4/matches/1-d81eacd3-9c9f-4dc0-bd9d-789a95f71c48/stats
e5e8e2a6-d716-4493-b949-e16965f41654,donk666,1-92b66c15-5e73-4584-85ff-8055a5ba52c5,2026-07-02T15:36:43+00:00,f4148ddd-bce8-41b8-9131-ee83afcdd6dd,8,16,https://open.faceit.com/data/v4/matches/1-92b66c15-5e73-4584-85ff-8055a5ba52c5/stats
e5e8e2a6-d716-4493-b949-e16965f41654,donk666,1-09335b0e-e3bb-4750-8465-b595002adc49,2026-07-01T16:22:14+00:00,f4148ddd-bce8-41b8-9131-ee83afcdd6dd,18,18,https://open.faceit.com/data/v4/matches/1-09335b0e-e3bb-4750-8465-b595002adc49/stats
e5e8e2a6-d716-4493-b949-e16965f41654,donk666,1-059ae883-f05a-4e99-b661-10f49362914f,2026-06-30T23:59:02+00:00,f4148ddd-bce8-41b8-9131-ee83afcdd6dd,22,9,https://open.faceit.com/data/v4/matches/1-059ae883-f05a-4e99-b661-10f49362914f/stats
e5e8e2a6-d716-4493-b949-e16965f41654,donk666,1-5b051b5e-1cf5-462b-9152-d564975dc217,2026-06-30T23:02:55+00:00,f4148ddd-bce8-41b8-9131-ee83afcdd6dd,28,23,https://open.faceit.com/data/v4/matches/1-5b051b5e-1cf5-462b-9152-d564975dc217/stats
e5e8e2a6-d716-4493-b949-e16965f41654,donk666,1-795d5107-1603-414c-839e-394b4b32c48f,2026-06-30T22:01:17+00:00,f4148ddd-bce8-41b8-9131-ee83afcdd6dd,17,11,https://open.faceit.com/data/v4/matches/1-795d5107-1603-414c-839e-394b4b32c48f/stats
e5e8e2a6-d716-4493-b949-e16965f41654,donk666,1-80555cf0-b3c9-4b0b-8758-44036ee07c3a,2026-06-30T21:15:27+00:00,f4148ddd-bce8-41b8-9131-ee83afcdd6dd,30,14,https://open.faceit.com/data/v4/matches/1-80555cf0-b3c9-4b0b-8758-44036ee07c3a/stats
e5e8e2a6-d716-4493-b949-e16965f41654,donk666,1-7c0f1418-4968-4580-9a76-244354dc4003,2026-06-27T09:49:37+00:00,f4148ddd-bce8-41b8-9131-ee83afcdd6dd,29,24,https://open.faceit.com/data/v4/matches/1-7c0f1418-4968-4580-9a76-244354dc4003/stats
e5e8e2a6-d716-4493-b949-e16965f41654,donk666,1-89ee824c-3ab4-45f5-995e-1fb795041db4,2026-06-27T07:32:31+00:00,f4148ddd-bce8-41b8-9131-ee83afcdd6dd,24,10,https://open.faceit.com/data/v4/matches/1-89ee824c-3ab4-45f5-995e-1fb795041db4/stats
e5e8e2a6-d716-4493-b949-e16965f41654,donk666,1-5326c6af-6c8b-4a17-a4a0-f326c3f39a42,2026-06-27T06:18:36+00:00,f4148ddd-bce8-41b8-9131-ee83afcdd6dd,34,13,https://open.faceit.com/data/v4/matches/1-5326c6af-6c8b-4a17-a4a0-f326c3f39a42/stats
e5e8e2a6-d716-4493-b949-e16965f41654,donk666,1-8fd23e52-9776-4568-bccc-7050237b31d6,2026-06-18T20:00:37+00:00,f4148ddd-bce8-41b8-9131-ee83afcdd6dd,24,10,https://open.faceit.com/data/v4/matches/1-8fd23e52-9776-4568-bccc-7050237b31d6/stats
e5e8e2a6-d716-4493-b949-e16965f41654,donk666,1-04a2c53e-7a51-4498-9eaf-dc186685456c,2026-06-17T21:26:03+00:00,f4148ddd-bce8-41b8-9131-ee83afcdd6dd,50,23,https://open.faceit.com/data/v4/matches/1-04a2c53e-7a51-4498-9eaf-dc186685456c/stats
e5e8e2a6-d716-4493-b949-e16965f41654,donk666,1-c1895bad-7133-400c-8305-52b6802d944d,2026-06-17T20:19:41+00:00,f4148ddd-bce8-41b8-9131-ee83afcdd6dd,35,22,https://open.faceit.com/data/v4/matches/1-c1895bad-7133-400c-8305-52b6802d944d/stats
e5e8e2a6-d716-4493-b949-e16965f41654,donk666,1-a7dbd492-9d38-4bc3-b55c-a7c408d0c89c,2026-06-16T20:29:05+00:00,f4148ddd-bce8-41b8-9131-ee83afcdd6dd,28,19,https://open.faceit.com/data/v4/matches/1-a7dbd492-9d38-4bc3-b55c-a7c408d0c89c/stats
e5e8e2a6-d716-4493-b949-e16965f41654,donk666,1-4eba62c1-5c27-434d-94a8-1e8e258efd6a,2026-06-16T19:22:51+00:00,f4148ddd-bce8-41b8-9131-ee83afcdd6dd,19,10,https://open.faceit.com/data/v4/matches/1-4eba62c1-5c27-434d-94a8-1e8e258efd6a/stats
e5e8e2a6-d716-4493-b949-e16965f41654,donk666,1-e29bfe26-cb72-43b3-964c-fc084734261e,2026-06-16T18:46:18+00:00,f4148ddd-bce8-41b8-9131-ee83afcdd6dd,16,10,https://open.faceit.com/data/v4/matches/1-e29bfe26-cb72-43b3-964c-fc084734261e/stats
e5e8e2a6-d716-4493-b949-e16965f41654,donk666,1-a70ef8cd-2c07-4fe7-9909-c011a0ce7d00,2026-06-15T21:38:10+00:00,f4148ddd-bce8-41b8-9131-ee83afcdd6dd,23,18,https://open.faceit.com/data/v4/matches/1-a70ef8cd-2c07-4fe7-9909-c011a0ce7d00/stats
e5e8e2a6-d716-4493-b949-e16965f41654,donk666,1-b05ea220-5300-4d4c-b507-8b9c85abdd97,2026-06-15T17:38:32+00:00,f4148ddd-bce8-41b8-9131-ee83afcdd6dd,25,9,https://open.faceit.com/data/v4/matches/1-b05ea220-5300-4d4c-b507-8b9c85abdd97/stats
e5e8e2a6-d716-4493-b949-e16965f41654,donk666,1-d3d99aaf-b84a-4085-b226-0152389216a8,2026-06-14T23:50:22+00:00,f4148ddd-bce8-41b8-9131-ee83afcdd6dd,25,9,https://open.faceit.com/data/v4/matches/1-d3d99aaf-b84a-4085-b226-0152389216a8/stats
e5e8e2a6-d716-4493-b949-e16965f41654,donk666,1-4a92fb9d-ea2b-43d0-bf51-2117f89e1bba,2026-06-14T21:47:38+00:00,f4148ddd-bce8-41b8-9131-ee83afcdd6dd,19,14,https://open.faceit.com/data/v4/matches/1-4a92fb9d-ea2b-43d0-bf51-2117f89e1bba/stats
e5e8e2a6-d716-4493-b949-e16965f41654,donk666,1-6dfbb6ff-6d74-4c59-8602-2ac409965ad9,2026-06-14T17:24:01+00:00,f4148ddd-bce8-41b8-9131-ee83afcdd6dd,32,17,https://open.faceit.com/data/v4/matches/1-6dfbb6ff-6d74-4c59-8602-2ac409965ad9/stats
e5e8e2a6-d716-4493-b949-e16965f41654,donk666,1-50f53533-8260-48fd-9267-9bf60daf4a03,2026-06-14T16:34:14+00:00,f4148ddd-bce8-41b8-9131-ee83afcdd6dd,23,16,https://open.faceit.com/data/v4/matches/1-50f53533-8260-48fd-9267-9bf60daf4a03/stats
e5e8e2a6-d716-4493-b949-e16965f41654,donk666,1-8de17943-1aca-48de-8261-0f27a2e51042,2026-06-14T15:52:30+00:00,f4148ddd-bce8-41b8-9131-ee83afcdd6dd,24,18,https://open.faceit.com/data/v4/matches/1-8de17943-1aca-48de-8261-0f27a2e51042/stats
e5e8e2a6-d716-4493-b949-e16965f41654,donk666,1-b5c14855-ad1d-4a08-9114-c57da7c63201,2026-06-10T21:22:06+00:00,f4148ddd-bce8-41b8-9131-ee83afcdd6dd,43,23,https://open.faceit.com/data/v4/matches/1-b5c14855-ad1d-4a08-9114-c57da7c63201/stats
e5e8e2a6-d716-4493-b949-e16965f41654,donk666,1-8eeb35e7-75a1-4d94-aecb-33e9cd28d14d,2026-06-09T21:06:05+00:00,f4148ddd-bce8-41b8-9131-ee83afcdd6dd,12,17,https://open.faceit.com/data/v4/matches/1-8eeb35e7-75a1-4d94-aecb-33e9cd28d14d/stats
e5e8e2a6-d716-4493-b949-e16965f41654,donk666,1-6e85f912-0a16-4f01-b1f5-3af4689f3e44,2026-06-08T21:39:10+00:00,f4148ddd-bce8-41b8-9131-ee83afcdd6dd,25,18,https://open.faceit.com/data/v4/matches/1-6e85f912-0a16-4f01-b1f5-3af4689f3e44/stats
e5e8e2a6-d716-4493-b949-e16965f41654,donk666,1-6ebd33ff-9ffe-4a59-936e-2ecf49f84a32,2026-06-08T20:02:08+00:00,f4148ddd-bce8-41b8-9131-ee83afcdd6dd,21,7,https://open.faceit.com/data/v4/matches/1-6ebd33ff-9ffe-4a59-936e-2ecf49f84a32/stats
e5e8e2a6-d716-4493-b949-e16965f41654,donk666,1-875f7aec-5714-4965-905e-8c76ef46b99b,2026-06-07T21:28:43+00:00,f4148ddd-bce8-41b8-9131-ee83afcdd6dd,39,22,https://open.faceit.com/data/v4/matches/1-875f7aec-5714-4965-905e-8c76ef46b99b/stats
e5e8e2a6-d716-4493-b949-e16965f41654,donk666,1-8cd30d7d-e910-4511-ad2d-98935cb4dd7a,2026-06-07T14:57:56+00:00,f4148ddd-bce8-41b8-9131-ee83afcdd6dd,18,10,https://open.faceit.com/data/v4/matches/1-8cd30d7d-e910-4511-ad2d-98935cb4dd7a/stats
e5e8e2a6-d716-4493-b949-e16965f41654,donk666,1-de21cdee-e169-4b67-b49f-4692c425dccc,2026-06-07T14:06:19+00:00,f4148ddd-bce8-41b8-9131-ee83afcdd6dd,20,17,https://open.faceit.com/data/v4/matches/1-de21cdee-e169-4b67-b49f-4692c425dccc/stats
e5e8e2a6-d716-4493-b949-e16965f41654,donk666,1-999f1c3f-ae3a-48fb-a88b-a92e82ac665a,2026-06-05T20:40:11+00:00,f4148ddd-bce8-41b8-9131-ee83afcdd6dd,38,23,https://open.faceit.com/data/v4/matches/1-999f1c3f-ae3a-48fb-a88b-a92e82ac665a/stats
e5e8e2a6-d716-4493-b949-e16965f41654,donk666,1-253ab45b-070b-49f5-a5fd-83394c431add,2026-06-04T22:00:39+00:00,f4148ddd-bce8-41b8-9131-ee83afcdd6dd,30,20,https://open.faceit.com/data/v4/matches/1-253ab45b-070b-49f5-a5fd-83394c431add/stats
e5e8e2a6-d716-4493-b949-e16965f41654,donk666,1-8d23f222-3071-4462-bbbc-28af7f2262eb,2026-06-04T20:06:29+00:00,f4148ddd-bce8-41b8-9131-ee83afcdd6dd,32,21,https://open.faceit.com/data/v4/matches/1-8d23f222-3071-4462-bbbc-28af7f2262eb/stats
e5e8e2a6-d716-4493-b949-e16965f41654,donk666,1-05a12e89-4ee4-4d54-9609-c7d1fe94e1c4,2026-06-04T17:45:26+00:00,f4148ddd-bce8-41b8-9131-ee83afcdd6dd,20,10,https://open.faceit.com/data/v4/matches/1-05a12e89-4ee4-4d54-9609-c7d1fe94e1c4/stats
e5e8e2a6-d716-4493-b949-e16965f41654,donk666,1-e1b0dfe0-ea1f-4378-a507-dfd0c12d0534,2026-06-04T16:21:29+00:00,f4148ddd-bce8-41b8-9131-ee83afcdd6dd,28,14,https://open.faceit.com/data/v4/matches/1-e1b0dfe0-ea1f-4378-a507-dfd0c12d0534/stats
e5e8e2a6-d716-4493-b949-e16965f41654,donk666,1-cc05e2b0-a025-4a76-8d82-5bf294dcc651,2026-06-02T17:24:21+00:00,f4148ddd-bce8-41b8-9131-ee83afcdd6dd,36,21,https://open.faceit.com/data/v4/matches/1-cc05e2b0-a025-4a76-8d82-5bf294dcc651/stats
e5e8e2a6-d716-4493-b949-e16965f41654,donk666,1-a747b6c5-8670-4e6e-bda4-21037096b88b,2026-06-01T21:48:15+00:00,f4148ddd-bce8-41b8-9131-ee83afcdd6dd,27,16,https://open.faceit.com/data/v4/matches/1-a747b6c5-8670-4e6e-bda4-21037096b88b/stats
e5e8e2a6-d716-4493-b949-e16965f41654,donk666,1-9feb7c23-93d7-405b-a112-129de85022b5,2026-05-31T17:52:42+00:00,f4148ddd-bce8-41b8-9131-ee83afcdd6dd,30,13,https://open.faceit.com/data/v4/matches/1-9feb7c23-93d7-405b-a112-129de85022b5/stats
e5e8e2a6-d716-4493-b949-e16965f41654,donk666,1-7cb1b4ef-5bbd-45de-9881-e9cbae479527,2026-05-30T22:12:37+00:00,f4148ddd-bce8-41b8-9131-ee83afcdd6dd,30,11,https://open.faceit.com/data/v4/matches/1-7cb1b4ef-5bbd-45de-9881-e9cbae479527/stats
e5e8e2a6-d716-4493-b949-e16965f41654,donk666,1-c90d652b-3472-4d8a-81e2-42f7cea4fd40,2026-05-30T21:27:18+00:00,f4148ddd-bce8-41b8-9131-ee83afcdd6dd,46,30,https://open.faceit.com/data/v4/matches/1-c90d652b-3472-4d8a-81e2-42f7cea4fd40/stats
e5e8e2a6-d716-4493-b949-e16965f41654,donk666,1-eca75d25-90d8-4940-84c2-234f613c8d6f,2026-05-30T19:58:51+00:00,f4148ddd-bce8-41b8-9131-ee83afcdd6dd,27,4,https://open.faceit.com/data/v4/matches/1-eca75d25-90d8-4940-84c2-234f613c8d6f/stats
e5e8e2a6-d716-4493-b949-e16965f41654,donk666,1-c72f266e-7f3e-4420-bec5-d0b4dbb90b11,2026-05-30T18:16:07+00:00,f4148ddd-bce8-41b8-9131-ee83afcdd6dd,29,11,https://open.faceit.com/data/v4/matches/1-c72f266e-7f3e-4420-bec5-d0b4dbb90b11/stats
e5e8e2a6-d716-4493-b949-e16965f41654,donk666,1-30b69660-ff84-47f7-9ffb-14464c579cee,2026-05-30T16:00:10+00:00,f4148ddd-bce8-41b8-9131-ee83afcdd6dd,24,19,https://open.faceit.com/data/v4/matches/1-30b69660-ff84-47f7-9ffb-14464c579cee/stats
e5e8e2a6-d716-4493-b949-e16965f41654,donk666,1-aba14704-f5f4-4061-817b-9e85758d3c10,2026-05-30T15:17:37+00:00,f4148ddd-bce8-41b8-9131-ee83afcdd6dd,30,16,https://open.faceit.com/data/v4/matches/1-aba14704-f5f4-4061-817b-9e85758d3c10/stats
e5e8e2a6-d716-4493-b949-e16965f41654,donk666,1-66a72de6-070d-4308-966f-eea1d3912028,2026-05-28T23:16:54+00:00,f4148ddd-bce8-41b8-9131-ee83afcdd6dd,16,13,https://open.faceit.com/data/v4/matches/1-66a72de6-070d-4308-966f-eea1d3912028/stats
e5e8e2a6-d716-4493-b949-e16965f41654,donk666,1-2e609cd0-486b-4053-856f-33625b37e83e,2026-05-28T22:05:42+00:00,f4148ddd-bce8-41b8-9131-ee83afcdd6dd,24,12,https://open.faceit.com/data/v4/matches/1-2e609cd0-486b-4053-856f-33625b37e83e/stats
e5e8e2a6-d716-4493-b949-e16965f41654,donk666,1-ea2f5f3a-1c18-4345-89ad-c96e3472cc9d,2026-05-27T19:14:59+00:00,f4148ddd-bce8-41b8-9131-ee83afcdd6dd,23,8,https://open.faceit.com/data/v4/matches/1-ea2f5f3a-1c18-4345-89ad-c96e3472cc9d/stats
e5e8e2a6-d716-4493-b949-e16965f41654,donk666,1-f2db464b-0518-474b-97f9-b13fb61db2cf,2026-05-27T18:41:22+00:00,f4148ddd-bce8-41b8-9131-ee83afcdd6dd,17,10,https://open.faceit.com/data/v4/matches/1-f2db464b-0518-474b-97f9-b13fb61db2cf/stats
e5e8e2a6-d716-4493-b949-e16965f41654,donk666,1-6ce165db-9cc8-48c8-b911-2ece4406f149,2026-05-26T22:52:46+00:00,f4148ddd-bce8-41b8-9131-ee83afcdd6dd,23,19,https://open.faceit.com/data/v4/matches/1-6ce165db-9cc8-48c8-b911-2ece4406f149/stats
e5e8e2a6-d716-4493-b949-e16965f41654,donk666,1-3d281a37-9074-4404-97d0-b2ac592b474e,2026-05-26T20:07:36+00:00,f4148ddd-bce8-41b8-9131-ee83afcdd6dd,18,22,https://open.faceit.com/data/v4/matches/1-3d281a37-9074-4404-97d0-b2ac592b474e/stats
e5e8e2a6-d716-4493-b949-e16965f41654,donk666,1-553c47c6-2fe4-408d-bbdb-c8988d247ee1,2026-05-25T21:46:14+00:00,f4148ddd-bce8-41b8-9131-ee83afcdd6dd,34,20,https://open.faceit.com/data/v4/matches/1-553c47c6-2fe4-408d-bbdb-c8988d247ee1/stats
e5e8e2a6-d716-4493-b949-e16965f41654,donk666,1-51595f98-db84-4e43-8e29-7dd036f86e3c,2026-05-25T20:37:39+00:00,f4148ddd-bce8-41b8-9131-ee83afcdd6dd,17,16,https://open.faceit.com/data/v4/matches/1-51595f98-db84-4e43-8e29-7dd036f86e3c/stats
e5e8e2a6-d716-4493-b949-e16965f41654,donk666,1-86867015-e0f7-47d2-a9c5-fb3a038bbdad,2026-05-24T23:07:44+00:00,f4148ddd-bce8-41b8-9131-ee83afcdd6dd,21,13,https://open.faceit.com/data/v4/matches/1-86867015-e0f7-47d2-a9c5-fb3a038bbdad/stats
e5e8e2a6-d716-4493-b949-e16965f41654,donk666,1-d6cb1af6-b396-4bff-b4c4-b868bc3421d3,2026-05-24T22:18:42+00:00,f4148ddd-bce8-41b8-9131-ee83afcdd6dd,24,19,https://open.faceit.com/data/v4/matches/1-d6cb1af6-b396-4bff-b4c4-b868bc3421d3/stats
e5e8e2a6-d716-4493-b949-e16965f41654,donk666,1-0d604f56-4873-4d20-bd83-da8d8baf3f13,2026-05-23T21:59:32+00:00,f4148ddd-bce8-41b8-9131-ee83afcdd6dd,15,11,https://open.faceit.com/data/v4/matches/1-0d604f56-4873-4d20-bd83-da8d8baf3f13/stats
e5e8e2a6-d716-4493-b949-e16965f41654,donk666,1-bef556dc-1883-4cad-b111-b3546972519c,2026-05-22T19:02:47+00:00,f4148ddd-bce8-41b8-9131-ee83afcdd6dd,23,17,https://open.faceit.com/data/v4/matches/1-bef556dc-1883-4cad-b111-b3546972519c/stats
e5e8e2a6-d716-4493-b949-e16965f41654,donk666,1-5bcc72e2-b0a8-4b4d-a351-b9686c51cd4b,2026-05-22T16:26:01+00:00,f4148ddd-bce8-41b8-9131-ee83afcdd6dd,21,10,https://open.faceit.com/data/v4/matches/1-5bcc72e2-b0a8-4b4d-a351-b9686c51cd4b/stats
e5e8e2a6-d716-4493-b949-e16965f41654,donk666,1-151faa65-af02-4668-abdf-b3ec146faa88,2026-05-21T21:57:14+00:00,f4148ddd-bce8-41b8-9131-ee83afcdd6dd,48,29,https://open.faceit.com/data/v4/matches/1-151faa65-af02-4668-abdf-b3ec146faa88/stats
e5e8e2a6-d716-4493-b949-e16965f41654,donk666,1-d49c4b76-1272-4362-9dbc-8082a00a976c,2026-05-21T16:58:12+00:00,f4148ddd-bce8-41b8-9131-ee83afcdd6dd,16,10,https://open.faceit.com/data/v4/matches/1-d49c4b76-1272-4362-9dbc-8082a00a976c/stats
e5e8e2a6-d716-4493-b949-e16965f41654,donk666,1-7aaab6ac-e723-49dc-b4f7-629ffb854098,2026-05-21T16:00:14+00:00,f4148ddd-bce8-41b8-9131-ee83afcdd6dd,20,20,https://open.faceit.com/data/v4/matches/1-7aaab6ac-e723-49dc-b4f7-629ffb854098/stats
e5e8e2a6-d716-4493-b949-e16965f41654,donk666,1-a99ee4f7-80ae-4106-9096-6ef38b6d6987,2026-05-21T15:03:48+00:00,f4148ddd-bce8-41b8-9131-ee83afcdd6dd,25,16,https://open.faceit.com/data/v4/matches/1-a99ee4f7-80ae-4106-9096-6ef38b6d6987/stats
e5e8e2a6-d716-4493-b949-e16965f41654,donk666,1-aa70151f-aa68-447d-a260-bd57cbad2e38,2026-05-21T00:01:06+00:00,f4148ddd-bce8-41b8-9131-ee83afcdd6dd,19,8,https://open.faceit.com/data/v4/matches/1-aa70151f-aa68-447d-a260-bd57cbad2e38/stats
e5e8e2a6-d716-4493-b949-e16965f41654,donk666,1-6de01a31-21bf-4ce9-b393-ab70baae31a9,2026-05-20T18:23:04+00:00,f4148ddd-bce8-41b8-9131-ee83afcdd6dd,21,12,https://open.faceit.com/data/v4/matches/1-6de01a31-21bf-4ce9-b393-ab70baae31a9/stats
e5e8e2a6-d716-4493-b949-e16965f41654,donk666,1-1e522d10-7892-464b-a1b3-7999ae7287d8,2026-05-19T23:02:56+00:00,f4148ddd-bce8-41b8-9131-ee83afcdd6dd,21,14,https://open.faceit.com/data/v4/matches/1-1e522d10-7892-464b-a1b3-7999ae7287d8/stats
e5e8e2a6-d716-4493-b949-e16965f41654,donk666,1-c35c4325-d93a-491a-964d-8b8a90906e11,2026-05-19T22:00:35+00:00,f4148ddd-bce8-41b8-9131-ee83afcdd6dd,29,22,https://open.faceit.com/data/v4/matches/1-c35c4325-d93a-491a-964d-8b8a90906e11/stats
e5e8e2a6-d716-4493-b949-e16965f41654,donk666,1-ec4d1dfa-eb89-47d1-9e56-6fee739fe4f4,2026-05-12T17:46:53+00:00,f4148ddd-bce8-41b8-9131-ee83afcdd6dd,25,22,https://open.faceit.com/data/v4/matches/1-ec4d1dfa-eb89-47d1-9e56-6fee739fe4f4/stats
e5e8e2a6-d716-4493-b949-e16965f41654,donk666,1-937c71b6-ca03-4b9b-a837-8e5c33a9d0a8,2026-05-12T16:36:00+00:00,f4148ddd-bce8-41b8-9131-ee83afcdd6dd,21,9,https://open.faceit.com/data/v4/matches/1-937c71b6-ca03-4b9b-a837-8e5c33a9d0a8/stats
e5e8e2a6-d716-4493-b949-e16965f41654,donk666,1-c0e5cf49-04be-425b-ab3f-b52ef2baf055,2026-05-12T15:33:21+00:00,f4148ddd-bce8-41b8-9131-ee83afcdd6dd,28,20,https://open.faceit.com/data/v4/matches/1-c0e5cf49-04be-425b-ab3f-b52ef2baf055/stats
e5e8e2a6-d716-4493-b949-e16965f41654,donk666,1-5411edf8-bf1b-46b0-9243-66e277255e23,2026-05-12T14:42:29+00:00,f4148ddd-bce8-41b8-9131-ee83afcdd6dd,16,15,https://open.faceit.com/data/v4/matches/1-5411edf8-bf1b-46b0-9243-66e277255e23/stats
e5e8e2a6-d716-4493-b949-e16965f41654,donk666,1-8f06efeb-e88f-489e-b181-935b4fa13fe4,2026-05-12T12:56:50+00:00,f4148ddd-bce8-41b8-9131-ee83afcdd6dd,27,12,https://open.faceit.com/data/v4/matches/1-8f06efeb-e88f-489e-b181-935b4fa13fe4/stats
e5e8e2a6-d716-4493-b949-e16965f41654,donk666,1-463d0737-eb4a-4de1-be42-a430ef94d758,2026-05-12T12:11:33+00:00,f4148ddd-bce8-41b8-9131-ee83afcdd6dd,26,16,https://open.faceit.com/data/v4/matches/1-463d0737-eb4a-4de1-be42-a430ef94d758/stats
e5e8e2a6-d716-4493-b949-e16965f41654,donk666,1-cf3e0612-0de7-4088-a158-a305cc3d7ebb,2026-05-10T18:08:14+00:00,f4148ddd-bce8-41b8-9131-ee83afcdd6dd,22,14,https://open.faceit.com/data/v4/matches/1-cf3e0612-0de7-4088-a158-a305cc3d7ebb/stats
e5e8e2a6-d716-4493-b949-e16965f41654,donk666,1-6d3d9537-a955-47c6-a539-3af185edbd3c,2026-05-09T17:05:48+00:00,f4148ddd-bce8-41b8-9131-ee83afcdd6dd,14,14,https://open.faceit.com/data/v4/matches/1-6d3d9537-a955-47c6-a539-3af185edbd3c/stats
e5e8e2a6-d716-4493-b949-e16965f41654,donk666,1-8b7f6011-7384-4a4a-8c79-b913e5db0b5f,2026-05-07T17:00:00+00:00,f4148ddd-bce8-41b8-9131-ee83afcdd6dd,22,15,https://open.faceit.com/data/v4/matches/1-8b7f6011-7384-4a4a-8c79-b913e5db0b5f/stats
e5e8e2a6-d716-4493-b949-e16965f41654,donk666,1-b023b420-88a6-4a2a-8384-22a1fee3da3c,2026-05-07T16:15:14+00:00,f4148ddd-bce8-41b8-9131-ee83afcdd6dd,25,14,https://open.faceit.com/data/v4/matches/1-b023b420-88a6-4a2a-8384-22a1fee3da3c/stats
e5e8e2a6-d716-4493-b949-e16965f41654,donk666,1-8e1f0020-7246-4e20-bd46-2c9d99b2f6ea,2026-05-07T15:32:25+00:00,f4148ddd-bce8-41b8-9131-ee83afcdd6dd,13,12,https://open.faceit.com/data/v4/matches/1-8e1f0020-7246-4e20-bd46-2c9d99b2f6ea/stats
e5e8e2a6-d716-4493-b949-e16965f41654,donk666,1-66d0043e-b11e-443e-b769-d7d110a17997,2026-05-07T15:00:30+00:00,f4148ddd-bce8-41b8-9131-ee83afcdd6dd,34,7,https://open.faceit.com/data/v4/matches/1-66d0043e-b11e-443e-b769-d7d110a17997/stats
e5e8e2a6-d716-4493-b949-e16965f41654,donk666,1-3f018105-d648-454c-8d12-f99114775378,2026-05-07T14:29:47+00:00,f4148ddd-bce8-41b8-9131-ee83afcdd6dd,16,13,https://open.faceit.com/data/v4/matches/1-3f018105-d648-454c-8d12-f99114775378/stats
e5e8e2a6-d716-4493-b949-e16965f41654,donk666,1-d3683147-3ac8-48d2-b5da-335b417913df,2026-05-07T07:53:14+00:00,f4148ddd-bce8-41b8-9131-ee83afcdd6dd,32,15,https://open.faceit.com/data/v4/matches/1-d3683147-3ac8-48d2-b5da-335b417913df/stats
e5e8e2a6-d716-4493-b949-e16965f41654,donk666,1-7f341dc7-2da9-48f3-b757-71d238793ff9,2026-05-07T06:59:08+00:00,f4148ddd-bce8-41b8-9131-ee83afcdd6dd,37,22,https://open.faceit.com/data/v4/matches/1-7f341dc7-2da9-48f3-b757-71d238793ff9/stats
e5e8e2a6-d716-4493-b949-e16965f41654,donk666,1-d967783f-a2cb-4f80-8753-b90f99a2595b,2026-05-07T06:00:46+00:00,f4148ddd-bce8-41b8-9131-ee83afcdd6dd,29,10,https://open.faceit.com/data/v4/matches/1-d967783f-a2cb-4f80-8753-b90f99a2595b/stats
e5e8e2a6-d716-4493-b949-e16965f41654,donk666,1-8893f8b4-f1fa-436d-a61a-b7c1b415029a,2026-05-07T04:48:03+00:00,f4148ddd-bce8-41b8-9131-ee83afcdd6dd,23,18,https://open.faceit.com/data/v4/matches/1-8893f8b4-f1fa-436d-a61a-b7c1b415029a/stats
e5e8e2a6-d716-4493-b949-e16965f41654,donk666,1-808baaac-3b10-4c3b-b922-627331ab34c4,2026-05-06T13:36:52+00:00,f4148ddd-bce8-41b8-9131-ee83afcdd6dd,24,13,https://open.faceit.com/data/v4/matches/1-808baaac-3b10-4c3b-b922-627331ab34c4/stats
e5e8e2a6-d716-4493-b949-e16965f41654,donk666,1-b7c1b2ac-0000-4010-830d-d7814c017e54,2026-05-05T22:13:03+00:00,f4148ddd-bce8-41b8-9131-ee83afcdd6dd,27,15,https://open.faceit.com/data/v4/matches/1-b7c1b2ac-0000-4010-830d-d7814c017e54/stats
e5e8e2a6-d716-4493-b949-e16965f41654,donk666,1-187fdb2b-4ed5-4edf-8019-635686ec2147,2026-05-05T20:25:33+00:00,f4148ddd-bce8-41b8-9131-ee83afcdd6dd,20,15,https://open.faceit.com/data/v4/matches/1-187fdb2b-4ed5-4edf-8019-635686ec2147/stats
e5e8e2a6-d716-4493-b949-e16965f41654,donk666,1-9292110b-3f9d-4576-a2cb-490d8ca2662d,2026-05-05T19:40:58+00:00,f4148ddd-bce8-41b8-9131-ee83afcdd6dd,25,15,https://open.faceit.com/data/v4/matches/1-9292110b-3f9d-4576-a2cb-490d8ca2662d/stats
e5e8e2a6-d716-4493-b949-e16965f41654,donk666,1-5025aa87-fceb-43d0-8dc6-2aa6573a7e04,2026-05-04T17:04:42+00:00,f4148ddd-bce8-41b8-9131-ee83afcdd6dd,38,33,https://open.faceit.com/data/v4/matches/1-5025aa87-fceb-43d0-8dc6-2aa6573a7e04/stats
e5e8e2a6-d716-4493-b949-e16965f41654,donk666,1-0dc6ba97-dff9-4ccb-914c-8b9507f52299,2026-05-04T15:46:05+00:00,f4148ddd-bce8-41b8-9131-ee83afcdd6dd,30,12,https://open.faceit.com/data/v4/matches/1-0dc6ba97-dff9-4ccb-914c-8b9507f52299/stats
e5e8e2a6-d716-4493-b949-e16965f41654,donk666,1-a61533ea-5472-40d0-a88f-2c9bfa67a723,2026-05-04T15:04:13+00:00,f4148ddd-bce8-41b8-9131-ee83afcdd6dd,26,14,https://open.faceit.com/data/v4/matches/1-a61533ea-5472-40d0-a88f-2c9bfa67a723/stats
e5e8e2a6-d716-4493-b949-e16965f41654,donk666,1-9e27d325-dbb8-444b-8cec-95b9b23fac87,2026-05-04T01:12:12+00:00,f4148ddd-bce8-41b8-9131-ee83afcdd6dd,28,11,https://open.faceit.com/data/v4/matches/1-9e27d325-dbb8-444b-8cec-95b9b23fac87/stats
e5e8e2a6-d716-4493-b949-e16965f41654,donk666,1-04b61f09-d279-412d-a4fb-5f5eb8ce8995,2026-05-04T00:03:41+00:00,f4148ddd-bce8-41b8-9131-ee83afcdd6dd,32,14,https://open.faceit.com/data/v4/matches/1-04b61f09-d279-412d-a4fb-5f5eb8ce8995/stats
e5e8e2a6-d716-4493-b949-e16965f41654,donk666,1-db06cb7e-86ff-47a8-9f35-1ba7346c78db,2026-05-03T20:35:48+00:00,f4148ddd-bce8-41b8-9131-ee83afcdd6dd,20,14,https://open.faceit.com/data/v4/matches/1-db06cb7e-86ff-47a8-9f35-1ba7346c78db/stats
e5e8e2a6-d716-4493-b949-e16965f41654,donk666,1-b2827f00-24fb-4b4c-864a-fa38314b607f,2026-05-03T18:21:03+00:00,f4148ddd-bce8-41b8-9131-ee83afcdd6dd,22,16,https://open.faceit.com/data/v4/matches/1-b2827f00-24fb-4b4c-864a-fa38314b607f/stats
e5e8e2a6-d716-4493-b949-e16965f41654,donk666,1-b8c32ba3-e6f1-4fa4-a75e-647909b0cda8,2026-05-03T17:41:09+00:00,f4148ddd-bce8-41b8-9131-ee83afcdd6dd,25,7,https://open.faceit.com/data/v4/matches/1-b8c32ba3-e6f1-4fa4-a75e-647909b0cda8/stats
e5e8e2a6-d716-4493-b949-e16965f41654,donk666,1-4491a725-c988-4182-aa31-e59e07e0bc97,2026-05-02T23:01:12+00:00,f4148ddd-bce8-41b8-9131-ee83afcdd6dd,34,21,https://open.faceit.com/data/v4/matches/1-4491a725-c988-4182-aa31-e59e07e0bc97/stats
e5e8e2a6-d716-4493-b949-e16965f41654,donk666,1-d2d7eb4d-1c76-48f7-b294-056d1b0c62f0,2026-05-02T21:58:06+00:00,f4148ddd-bce8-41b8-9131-ee83afcdd6dd,21,16,https://open.faceit.com/data/v4/matches/1-d2d7eb4d-1c76-48f7-b294-056d1b0c62f0/stats
e5e8e2a6-d716-4493-b949-e16965f41654,donk666,1-e6adb8d5-de28-41aa-8d60-8073ef2d7237,2026-05-02T20:48:45+00:00,f4148ddd-bce8-41b8-9131-ee83afcdd6dd,22,13,https://open.faceit.com/data/v4/matches/1-e6adb8d5-de28-41aa-8d60-8073ef2d7237/stats
e5e8e2a6-d716-4493-b949-e16965f41654,donk666,1-041973d0-7fc7-44b4-86af-929254b7e53e,2026-05-02T18:13:28+00:00,f4148ddd-bce8-41b8-9131-ee83afcdd6dd,9,14,https://open.faceit.com/data/v4/matches/1-041973d0-7fc7-44b4-86af-929254b7e53e/stats
e5e8e2a6-d716-4493-b949-e16965f41654,donk666,1-8b13ec26-7cb7-4862-bf57-014bd97d96cf,2026-05-02T17:36:12+00:00,f4148ddd-bce8-41b8-9131-ee83afcdd6dd,7,13,https://open.faceit.com/data/v4/matches/1-8b13ec26-7cb7-4862-bf57-014bd97d96cf/stats
e5e8e2a6-d716-4493-b949-e16965f41654,donk666,1-88cb0d9a-e754-48cf-b707-7863a9abbba9,2026-05-01T17:42:32+00:00,f4148ddd-bce8-41b8-9131-ee83afcdd6dd,34,20,https://open.faceit.com/data/v4/matches/1-88cb0d9a-e754-48cf-b707-7863a9abbba9/stats
e5e8e2a6-d716-4493-b949-e16965f41654,donk666,1-6a011c97-edd9-4995-a13d-e8f318353cec,2026-05-01T16:30:50+00:00,f4148ddd-bce8-41b8-9131-ee83afcdd6dd,27,16,https://open.faceit.com/data/v4/matches/1-6a011c97-edd9-4995-a13d-e8f318353cec/stats
e5e8e2a6-d716-4493-b949-e16965f41654,donk666,1-a51a1914-8ea3-44a3-a343-02185d41fcce,2026-04-30T22:51:43+00:00,f4148ddd-bce8-41b8-9131-ee83afcdd6dd,25,16,https://open.faceit.com/data/v4/matches/1-a51a1914-8ea3-44a3-a343-02185d41fcce/stats
e5e8e2a6-d716-4493-b949-e16965f41654,donk666,1-37d190eb-501a-473a-aafa-25af4385f1ac,2026-04-30T20:23:41+00:00,f4148ddd-bce8-41b8-9131-ee83afcdd6dd,28,9,https://open.faceit.com/data/v4/matches/1-37d190eb-501a-473a-aafa-25af4385f1ac/stats
e5e8e2a6-d716-4493-b949-e16965f41654,donk666,1-db3b3698-3d59-4090-a863-b56c2377e1ea,2026-04-30T19:45:43+00:00,f4148ddd-bce8-41b8-9131-ee83afcdd6dd,14,17,https://open.faceit.com/data/v4/matches/1-db3b3698-3d59-4090-a863-b56c2377e1ea/stats
e5e8e2a6-d716-4493-b949-e16965f41654,donk666,1-80f2ae8d-5861-41f9-9549-e0e50f14dead,2026-04-30T00:46:24+00:00,f4148ddd-bce8-41b8-9131-ee83afcdd6dd,18,13,https://open.faceit.com/data/v4/matches/1-80f2ae8d-5861-41f9-9549-e0e50f14dead/stats
e5e8e2a6-d716-4493-b949-e16965f41654,donk666,1-c590a170-51e2-48f4-8488-a2144ba89ec6,2026-04-28T20:30:53+00:00,f4148ddd-bce8-41b8-9131-ee83afcdd6dd,15,11,https://open.faceit.com/data/v4/matches/1-c590a170-51e2-48f4-8488-a2144ba89ec6/stats
e5e8e2a6-d716-4493-b949-e16965f41654,donk666,1-de567d43-2105-4866-a862-5df38bdee181,2026-04-28T01:29:36+00:00,f4148ddd-bce8-41b8-9131-ee83afcdd6dd,17,7,https://open.faceit.com/data/v4/matches/1-de567d43-2105-4866-a862-5df38bdee181/stats
e5e8e2a6-d716-4493-b949-e16965f41654,donk666,1-fcae8aa8-9968-4d84-aa5a-dfff05a39354,2026-04-27T22:45:15+00:00,f4148ddd-bce8-41b8-9131-ee83afcdd6dd,37,18,https://open.faceit.com/data/v4/matches/1-fcae8aa8-9968-4d84-aa5a-dfff05a39354/stats
e5e8e2a6-d716-4493-b949-e16965f41654,donk666,1-f513c036-f24b-4e17-9e59-76a777e0fd5d,2026-04-26T17:44:31+00:00,f4148ddd-bce8-41b8-9131-ee83afcdd6dd,20,13,https://open.faceit.com/data/v4/matches/1-f513c036-f24b-4e17-9e59-76a777e0fd5d/stats
e5e8e2a6-d716-4493-b949-e16965f41654,donk666,1-949ff419-68c1-4de2-b4e5-0f8afe75db18,2026-04-26T02:31:51+00:00,f4148ddd-bce8-41b8-9131-ee83afcdd6dd,30,10,https://open.faceit.com/data/v4/matches/1-949ff419-68c1-4de2-b4e5-0f8afe75db18/stats
e5e8e2a6-d716-4493-b949-e16965f41654,donk666,1-39aa9959-a90a-478b-b4a9-f661eb283826,2026-04-26T01:34:40+00:00,f4148ddd-bce8-41b8-9131-ee83afcdd6dd,22,11,https://open.faceit.com/data/v4/matches/1-39aa9959-a90a-478b-b4a9-f661eb283826/stats
e5e8e2a6-d716-4493-b949-e16965f41654,donk666,1-2de763c0-ef4d-40f8-b335-1c24603881e8,2026-04-26T00:17:31+00:00,f4148ddd-bce8-41b8-9131-ee83afcdd6dd,22,13,https://open.faceit.com/data/v4/matches/1-2de763c0-ef4d-40f8-b335-1c24603881e8/stats
e5e8e2a6-d716-4493-b949-e16965f41654,donk666,1-c9a13520-9351-4b98-9bba-9f83d66a50a8,2026-04-25T23:44:03+00:00,f4148ddd-bce8-41b8-9131-ee83afcdd6dd,24,9,https://open.faceit.com/data/v4/matches/1-c9a13520-9351-4b98-9bba-9f83d66a50a8/stats
e5e8e2a6-d716-4493-b949-e16965f41654,donk666,1-6ca32c08-d9ee-4091-bc9a-5c741f060bf3,2026-04-23T22:52:25+00:00,f4148ddd-bce8-41b8-9131-ee83afcdd6dd,27,20,https://open.faceit.com/data/v4/matches/1-6ca32c08-d9ee-4091-bc9a-5c741f060bf3/stats
e5e8e2a6-d716-4493-b949-e16965f41654,donk666,1-1b720cef-c58e-4549-9ddf-e117a4a317a5,2026-04-23T21:40:57+00:00,f4148ddd-bce8-41b8-9131-ee83afcdd6dd,49,28,https://open.faceit.com/data/v4/matches/1-1b720cef-c58e-4549-9ddf-e117a4a317a5/stats
e5e8e2a6-d716-4493-b949-e16965f41654,donk666,1-285c40e4-07ac-452b-a2ef-c4f393e33efb,2026-04-23T20:30:39+00:00,f4148ddd-bce8-41b8-9131-ee83afcdd6dd,26,14,https://open.faceit.com/data/v4/matches/1-285c40e4-07ac-452b-a2ef-c4f393e33efb/stats
e5e8e2a6-d716-4493-b949-e16965f41654,donk666,1-adf13295-4580-409b-8e78-5e4412bda210,2026-04-23T15:03:32+00:00,f4148ddd-bce8-41b8-9131-ee83afcdd6dd,26,14,https://open.faceit.com/data/v4/matches/1-adf13295-4580-409b-8e78-5e4412bda210/stats
e5e8e2a6-d716-4493-b949-e16965f41654,donk666,1-44bc3977-49c5-47fa-90a2-664d8320b320,2026-04-23T14:26:04+00:00,f4148ddd-bce8-41b8-9131-ee83afcdd6dd,18,8,https://open.faceit.com/data/v4/matches/1-44bc3977-49c5-47fa-90a2-664d8320b320/stats
e5e8e2a6-d716-4493-b949-e16965f41654,donk666,1-01ffca6c-7cee-4e3c-b260-c3231404b192,2026-04-23T13:55:12+00:00,f4148ddd-bce8-41b8-9131-ee83afcdd6dd,19,10,https://open.faceit.com/data/v4/matches/1-01ffca6c-7cee-4e3c-b260-c3231404b192/stats
